,S0,S1,S2,S3,S4,S5,S6,S7,S8,S9,S10,S11,S12,S13,S14,S15,S16,S17,S18,S19,S20,S21,S22,S23,S24,S25,S26,S27,S28,S29,S30,S31,S32,S33,S34,S35,S36,S37,S38,S39,S40,S41,S42,S43,S44,S45,S46,S47,S48,S49,S50,S51,S52,S53,S54,S55,S56,S57,S58,S59,S60,S61,S62,S63,S64,S65,S66,S67,S68,S69,S70,S71,S72,S73,S74,S75,S76,S77,S78,S79,S80,S81,S82,S83,S84,S85,S86,S87,S88,S89,S90,S91,S92,S93,S94,S95,S96,S97,S98,S99,S100,S101,S102,S103,S104,S105,S106,S107,S108,S109,S110,S111,S112,S113,S114,S115,S116,S117,S118,S119,S120,S121,S122,S123,S124,S125,S126,S127,S128,S129,S130,S131,S132,S133,S134,S135,S136,S137,S138,S139,S140,S141,S142,S143,S144,S145,S146,S147,S148,S149
0,569,4419,24,99,1678,10635,8984,68,527,13791,6831,541,393,393,1151,159,192,862,38,84,15,29730,4687,10131,316,157,2,4275,38,175,2790,151,153,107,4240,1847,351,812,947,774,284,1869,4597,6281,6665,4481,47907,16238,873,1697,1199,3631,16479,2869,11661,47,275,653,35,1267,48,1389,41,2729,48,243,711,5641,39,1085,76563,55,5029,27847,1916,43,1560,7012,25144,82,219,1362,6999,685,750,20,392,444,32,1981,2111,343,550,7,10,277,226,98,8,167,133,617,11567,15407,1039,36,91,524,114,337,6993,1131,568,728,4950,372,14,3405,743,23,276,2933,1503,550,12774,335,269,103,55,50,940,469,619,22,443,1319,67,467,1563,51,1141,2015,117,5767,110,777,3349,386,208,766
1,39,374,2,15,28,0,87,2,339,1,21,2,7,7,12,20,59,33,193,27,22,11,2,102,79,191,8,1,197,27,24,42,0,18,21,53,12,33,4,143,12,58,0,13,3,22,22,19,20,13,1,25,287,6,3,9,46,137,31,76,9,60,600,23,119,3,1,17,13,0,14,22,4,5,69,14,282,0,12,0,16,39,26,7,86,2,6,7,3,1,22,5,54,4,7,84,1,43,1,6,5,40,113,95,67,1,2,91,11,9,18,5,117,342,23,83,32,18,10,146,31,8,3,20,6,1,3,2836,49,7,18,147,300,58,23,30,38,72,143,0,44,6,62,18,82,13,17,10,8,72
2,1,33,48,4,70,15,9,80,15,112,1857,4,628,649,8,253,18,18,23,96,39,463,29,84,7,5,18,60,38,1,464,12,6,31,109,55,0,24,9,41,15,135,17,330,75,26,9,6,12,92,1,8,19,0,112,145,25,28,3,16,3,6,43,285,45,768,21,66,63,14,2,308,409,28,0,747,297,23,12,4,28,8,0,7,171,22,37,1,11,44,23,43,0,45,21,34,1,24,5,2,73,47,12,7,0,0,89,13,321,9,4,409,10,0,22,187,17,9,2,121,0,224,661,27,5071,66,10,28,10,1,151,33,7,0,1,12,27,3,13,18,1,31,9,17,7,4,142,22,15,9
3,122,63,69,77,125,128,47,117,231,54,203,3,50,164,65,156,37,84,49,25,131,217,51,110,201,47,22,46,39,82,79,72,69,81,47,86,72,96,16,79,136,45,53,62,40,41,20,33,54,86,66,46,33,28,123,36,157,47,13,49,98,52,38,350,93,12,155,120,52,69,32,227,86,49,166,68,148,99,214,11,61,84,350,160,104,38,230,46,28,96,78,85,101,17,123,85,29,112,31,92,31,12,25,157,116,59,112,153,108,154,80,90,85,717,174,35,102,46,90,43,20,60,56,27,141,47,157,64,22,20,87,230,60,26,107,233,76,113,167,34,42,65,157,47,68,46,54,141,35,141
4,32,134,2,123,660,446,24,5,14,73,89,2,50,162,13,1,51,4,42,27,0,197,12,17,615,1,14,15,3,2,30,1,17,113,130,4,559,404,5,610,50,28,44,14,3,0,63,22,10,12,12,4,15,118,22,6,13,202,75,96,7,316,14,118,2,33,15,23,5,19,111,65,121,50,54,86,303,26,42,8,25,213,29,31,21,217,344,13,29,34,7,410,2,27,0,47,5,221,4,7,20,19,3,68,16,13,47,73,14,108,765,8,2,209,39,21,22,5,1624,5,24,7,735,45,18,122,20,1,3,0,44,20,33,209,33,62,7,13,30,14,15,1,23,11,63,7,10,12,3,58
5,125,770,25,177,1144,1584,940,176,570,83,1199,41,78,93,185,446,358,401,656,107,1109,43,26,225,836,406,195,661,453,373,248,3697,369,93,740,34,142,550,56,103,2060,380,1687,574,39,953,31,187,1313,286,22,57,345,59,652,92,68,477,21,281,611,212,412,53,225,50,1179,106,891,452,235,189,807,2419,749,332,618,102,1434,439,35,117,88,48,34,15,360,270,217,454,336,952,13,20,27,2543,34,750,30,757,794,281,75,1793,148,264,269,62,92,377,395,123,550,748,905,85,831,951,346,319,277,4726,311,67,255,546,108,2919,115,44,164,6758,103,20,675,228,1138,330,6726,60,216,745,238,209,40,287,261,110,62,44
6,1,96,108,763,240,0,8,0,3092,413,553,4,135,0,12,3,65,0,68,1,0,814,3,2855,1,97,169,3033,9,9,1,17,25,13,0,58,2077,437,15,3,100,13,233,87,294,15,0,5,452,255,78,93,1,471,76,23,20,9,5,30,395,332,1,5613,26,11,3,3,40,1809,6,79,1,128,29,551,9,225,2,818,0,455,26,30,491,230,22,7,12,0,7,1,1,4,62,19,20349,809,3,16,4,62,8,22,74,0,87,172,4362,441,0,0,124,58,329,409,658,45,44,8846,243,1,1,696,1715,78,371,18,229,2,0,248,2245,1,16,72,0,2,45,122,2,2,12,19749,5,513,253,18,3,20
7,146,41,699,2210,2533,446,2540,55,54,315,36,9,96,64,19491,2025,23,4,1964,41,17,26,539,2582,55,4,144,110,12,4292,44,309,1061,1000,2239,241,13,32,64,112,6488,14286,42,1476,91,510,1,2,391,53,16,637,179,361,1423,3,1277,698,86,83,282,1220,4,39,5928,4,59,48,28,184,7,555,26,186,799,67,858,4,6,101,863,6,11,43,1,31,280,52,731,126,299,618,14,61,42,14,26,2,4,74,12,815,4,1,70,15,479,182,87,126,10,188,33,40,393,18,185,57,2,40,72,4,80,9,176,26,9,1466,48,273,1832,759,4262,603,1,85,32,191,141,218,203,1527,44,420,224,6,38,114,414,11
8,249,717,166,314,420,388,353,58,84,12,111,862,271,150,49,1478,48544,249,22724,22,6264,326,174,2457,757,166,1503,312,878,414,520,6746,1514,135,167,1825,224,3438,441,3044,524,5521,979,87,781,3756,841,1078,40723,1125,4296,19107,1476,1057,1117,366,1617,1186,2,4501,692,2144,32,2977,556,6,54,125,1016,4551,352,258,26,514,12591,36,59,691,1981,1728,16682,87,407,17340,534,52908,6275,17,141,3016,2737,57,236,14,830,661,424,1146,12,9686,86963,15,4233,3172,7907,26,3290,2370,174,222,6006,16,11067,868,635,585,402,1175,47,10,21,23866,9,6021,340,534,2419,547,2347,11,291,6572,1489,413,134,88,584,609,15357,14339,871,410,106,63,8493,9713,3436,9600,1156,5
9,122,275,10763,180,211,15,89,13,73,52,2518,1,177,3,13,686,351,224,110,424,617,1751,459,17,1515,1174,32,919,4689,400,248,37,6,8,5136,22,4439,796,4769,42,439,22,685,98,154,79,486,283,96,150,201,5660,53,2,13,35667,239,530,432,8881,9,51,336,21976,594,742,1409,453,959,3208,364,7909,28,198,842,316,6622,910,23,3855,341,4243,804,242,1785,395,236,271,100,279,11211,120,237,11,1,2964,593,4847,59,214,5,13,136,122,7,23,84,1583,1952,4894,64,69,5195,732,523,14,676,55,24,8533,59,39,5,68,741,66,21,78,1927,111,3518,5,427,100,302,98,1454,1654,1178,313,33,1242,340,65,39,468,7,291,165,1571
10,2271,1216,13889,909,266,742,7899,1535,3601,399,10720,363,12335,433,161,948,2717,3097,199,31,1108,605,32,566,24,403,130,79,976,86,1225,1013,22,3840,540,124,109,1027,1246,327,486,646,350,2301,1046,503,103,91,200,145,2886,30,6186,2428,1935,1,1553,310,908,1542,378,16,181,638,263,1759,9412,576,68,4187,2290,272,2249,13838,1845,201,1618,263,272,3900,1114,340,592,112,6271,61,339,929,340,2825,586,843,1597,559,63,771,37,324,254,92,25,1918,726,3073,1684,89,371,11629,2608,19731,106,379,283,2614,352,86,1378,2171,1487,448,42,366,835,42,1512,8199,457,112,261,11,598,747,686,338,6157,110,123,3920,57,29,6,6382,102,26056,7,2090,415,3432,56,1914
11,153,21,23,22,82,23,56,75,168,143,174,10,122,185,78,74,11,12,66,24,29,36,19,39,328,12,20,49,47,16,119,10,90,21,91,19,42,152,27,33,109,25,15,59,75,128,1,5,126,28,28,79,198,15,418,38,133,19,41,251,27,100,78,171,53,71,223,14,93,23,46,28,3,13,248,6,46,81,51,57,3,31,856,225,43,6,49,46,29,38,33,40,42,57,57,2,9,8,0,142,0,35,28,59,55,11,135,118,30,107,44,40,5,64,34,13,178,7,11,69,17,105,7,1,13,14,47,12,9,9,20,189,15,60,43,16,68,6,172,24,14,82,22,53,197,65,100,812,24,104
12,199,484,1991,129,343,230,466,208,13136,833,1797,72,443,419,23,2044,1353,274,740,47,186,1885,52,255,341,11,162,33,70,2744,241,3345,94,159,124,254,8,549,187,338,200,153,630,138,211,235,467,304,179,81,344,416,46,34,2409,25,136,187,19,201,29,21,163,117,59,5,2831,79,205,2974,52,102,208,479,68,73,90,947,1489,350,133,63,236,980,211,416,301,549,188,12,396,25,77,129,23,110,34,569,46,275,93,80,116,54,50,2,586,1192,16,136,364,72,170,366,613,611,451,11,1251,615,115,109,316,6,3456,438,2165,119,529,19,189,312,672,115,67,334,474,45,386,23,220,75,198,82,111,149,152,94,134,106
13,43,1012,12199,104,154,241,1056,5416,1218,942,37,167,2981,313,43,1662,112,1737,152,44,418,448,151,3586,748,232,267,44,5879,48,599,72,456,657,375,283,537,409,11539,683,97,916,3356,1189,148,117,110,87,3781,7752,10081,77,9,2720,460,395,493,267,17,44,126,716,8906,99,232,24,1280,2053,793,1686,391,363,280,3699,493,842,342,29,3269,1397,3278,1135,216,8682,147,46,4389,306,277,41,31,697,5855,46,6,288,401,53,317,16,23,448,110,284,167,17,971,20,117,53,5614,3800,1287,402,11165,34924,5807,207,6106,90,1056,2204,1003,149,612,3237,1007,68,21,199,98,401,535,1121,333,477,88,267,3588,11144,5209,9375,111,147,205,381,1434,36,31,89
14,83,116,2959,10,45,7,3,1855,225,681,5146,3,12,91,257,387,3,131,0,0,0,0,37,13,0,164,0,1441,8,293,2,670,167,318,439,18621,16,13,14,21,25,328,16,6,141,2,6,397,15,142,5,16,2,21,1,1,349,15,63,16,339,333,9,37,2837,46,1,11,21,447,16,60,1084,97,0,1263,3,2524,25,50,21,32,52,42,103,57,4,131,89,17,652,199,26,12,21,56,12,10158,71,478,1,851,2,2,8,0,58,6669,6,29,747,3,1,4,421,2,6,129,366,280,3,858,86,524,110,284,61,1824,33,2,22,6,69,28,948,48,916,9,87,0,74,6879,10,11,14,574,1,287,306,75
15,1503,213,290,92,427,584,374,2131,2406,740,274,52,1053,3443,1788,692,41,795,974,108,388,135,265,1440,155,139,84,350,215,165,278,442,491,618,491,968,635,1282,454,1404,1461,2620,520,578,51,1032,421,103,1425,362,905,1684,215,719,4664,770,1415,320,62,310,45,34,164,686,148,33,957,254,158,631,35,513,2162,1877,61,152,356,356,907,210,352,38,1422,1299,591,176,298,262,441,537,165,507,392,49,301,436,146,2431,310,627,85,187,292,166,271,53,1125,10499,46,520,262,176,597,760,258,138,187,122,338,205,137,70,699,191,189,138,1003,157,409,58,516,2348,278,1120,88,570,340,889,1339,133,272,1014,811,266,10656,232,55,672,180,835
16,299,15,109,226,76,3,39,112,24,986,618,13,0,441,115,41,152,178,14,74,4,314,5,11,479,3,12,37,24,151,81,760,495,211,233,177,32,4,135,450,566,1,1,8,2,78,278,106,894,2,598,11,186,11,142,5,1813,44,63,875,44,181,0,1134,225,471,86,10,10,90,24,355,1204,1,2080,50,328,29,70,358,36,28,51,7,497,63,398,31,41,96,23,2,7,7,1522,78,27,60,0,6,4,8,22,36,105,381,1,56,807,40,24,127,84,268,2734,6,248,10,23,5777,13,20,81,3,48,50,284,8,6,42,24,27,4,9,1084,130,151,1680,0,49,56,86,247,466,2,2933,9,132,18,181
17,17760,18879,19,244,170,14450,2,3,303,65,154,0,763,61,6,44,3846,261,4,376,212,52,851,158,15246,48,31,1002,1,1441,12192,2,56,969,11,12,13,135,8,2699,376,22,7,3,8,18,262,164,90,10,2,3,26,11,283,2,4,4,12,558,113,41,19,0,169,497,1033,14,0,0,39,53,34,1978,89,288,31,2,2434,10244,12599,31,52,30,21,114,1337,318,32,195,252,8281,1,8,6472,2101,2,1943,1,128,4,39,30,1646,1793,0,161,3,3915,0,1724,1,66,50,115,16,4,60,28,25,629,102,126,119,153,1,3,2,8,44,17567,134,6,187,121,2,31,9631,0,215,95,334,8,1149,13299,61,70,45,0,379
18,132,382,6,132,304,307,97,109,77,354,646,8,8,3,96,58,28,119,55,15,329,59,1180,67,1173,25,122,101,21,93,862,29,89,472,61,23,37,272,34,448,283,180,122,41,10,2123,33,256,184,335,34,5,115,5,1086,7,25,46,20,104,470,29,3,79,152,111,7,544,3,60,0,21,869,17,50,97,27,461,1,188,50,17,13,27,134,55,190,47,376,1,5,481,3,33,2169,2,205,139,39,65,308,99,51,834,4,19,292,31,17,473,121,131,112,39,198,108,216,19,51,196,9,30,1,0,4,3,14,532,614,6,76,143,37,72,36,2577,25,1,6,32,12,95,147,120,264,19,111,63,82,10
19,164,197,123,1050,950,147,38,98,492,149,198,50,138,155,96,156,68,919,22,16,178,1149,21,392,15,20,46,102,379,326,2922,27,57,2005,101,704,194,453,51,700,222,140,941,281,169,127,111,197,458,189,45,9,685,71,70,10,260,326,150,27,223,22,107,2547,53,64,52,68,506,149,532,365,271,159,229,71,159,314,288,302,33,21,556,409,168,122,57,106,418,64,185,398,96,41,65,120,265,105,24,598,47,317,80,341,27,14,165,231,23,243,229,136,230,37,81,105,50,16,700,150,42,237,23,52,684,60,806,66,11,14,275,3484,560,196,125,517,91,36,213,20,23,234,99,78,259,1091,303,394,12,320
20,1237,977,637,105,3007,184,717,814,396,4095,4600,69,229,307,951,1298,199,135,550,291,318,386,314,1587,116,3737,86,371,14,1741,4821,62,66,70,166,376,707,1226,295,5264,846,1176,1181,1276,1530,103,665,238,197,75,94,275,839,288,775,48,2212,109,432,8,314,272,750,386,20,1302,137,476,148,451,77,375,461,702,1206,30345,409,895,773,480,206,1115,941,498,3568,66,582,899,703,127,159,6372,2834,634,779,20,24,306,42,6711,489,510,338,149,392,439,1036,1145,790,116,884,346,165,1057,672,554,2947,410,42,180,168,201,5918,98,2265,184,651,416,204,11,2488,6899,1007,1797,392,320,542,140,2387,497,160,223,6167,650,507,455,376,382,374,2819
21,57,177,30,103,67,818,16,619,2236,29,37,9,44,300,1182,234,324,35,13,471,158,44,58,64,38,94,23,143,39,1404,35,669,1187,872,10,182,346,15,52,149,580,135,8248,447,45,994,122,12,479,45,132,58,520,1152,1514,199,959,86,8,157,41,12,85,2266,471,37,57,124,67,1691,17,434,164,123,95,2364,300,110,209,1514,83,202,3300,372,406,112,1140,23,36,291,429,324,472,22,36,48,186,181,9,164,51,325,45,432,22,20,122,205,157,208,676,120,122,1980,15,40,592,21,106,338,95,6,11,15,124,58,384,47,62,36,404,21,409,230,131,1042,116,113,133,13,24,51,87,127,31,86,74,106,76,101
22,59,24,161,12,1135,235,13849,172,362,60,11,1,266,17514,1962,351,1547,67,7,25,1200,127,4,0,10,17,409,1880,343,106,52,23,420,216,972,75,161,166,47,191,2150,561,73,408,367,4877,30,58,45,18,6,1228,56,1,696,204,333,263,258,4,43,55,3411,52,2,1019,174,218,56,113,3,22,641,219,265,1936,77,870,2145,5,10,1430,5,134,0,339,1180,187,1219,0,113,826,139,16,147,19,605,2704,862,438,2,33,50,7994,3413,298,722,5021,144,2251,3334,40,290,7822,18,213,318,88,3483,136,133,875,19,1406,241,185,17,603,197,1,4,7,4,22,13,33,587,104,49,30,2,3347,4,37,649,31,5,1520,0,2
23,232,204,456,222,2405,1396,222,1648,273,416,518,22,209,412,650,1113,347,594,240,97,477,2336,384,786,1879,243,226,987,335,481,273,348,152,307,203,174,345,360,58,64,276,306,427,159,79,392,186,496,645,175,178,117,63,74,758,240,1463,83,65,268,2624,136,102,1460,197,540,407,144,84,857,121,173,111,83,412,159,221,520,186,247,717,1397,1228,245,219,191,213,50,248,118,331,380,271,45,567,434,61,206,30,673,66,44,328,714,217,72,124,217,587,66,428,501,1261,308,1578,160,954,365,805,837,164,217,314,273,455,124,1150,599,44,65,399,839,380,96,104,2030,404,574,1839,126,113,585,149,70,377,925,87,43,134,368
24,810,177,98,14,474,171,417,14,231,767,40,354,3171,846,106,48,29,1165,107,472,36,111,992,1233,187,116,85,432,304,832,1121,138,1920,79,3578,1594,62,251,26,4,9135,28,17433,1130,82,225,2,246,208,8461,220,783,447,645,24,8,2852,65,13,45,1688,209,3452,52,2491,126,573,22,734,69,9,1408,838,75,8845,99,217,1206,1248,567,10224,461,27711,194,431,13,2747,19,362,416,197,288,59,747,43,18,4963,295,81,34,57,10,4,320,3879,3,5206,288,142,7149,137,24,9,763,218,20,307,266,13,197,1501,214,930,119,41,218,94,75,464,6,84,0,7428,599,15240,624,116,411,1586,38,2998,172,699,314,9,621,17086,49,32,2666
25,686,638,845,190,504,597,667,519,726,1114,326,39,196,379,342,495,170,406,456,97,931,742,907,240,4591,406,139,251,488,1258,366,735,481,389,512,301,554,263,231,607,486,442,642,640,684,487,215,144,272,140,275,337,280,191,3041,389,860,542,103,210,188,366,414,500,206,42,673,423,262,564,165,1896,196,1730,402,974,320,238,391,541,296,748,739,341,549,441,1031,414,983,145,357,1591,186,738,355,417,799,203,29,1122,230,466,243,231,766,81,161,594,98,1946,435,344,1045,803,1822,565,1484,525,344,351,90,37,527,849,1527,273,1705,259,36,52,280,1557,293,184,1455,1614,478,625,760,421,109,233,207,137,371,183,813,264,100,1116
26,60,7,80,629,383,4544,146,212,62,25,18,55,51,20,171,78,486,2478,391,3,208,464,3,112,9,245,87,15,16,274,118,651,25,2774,12,508,88,184,8,41,966,554,12,389,425,137,442,55,210,52,88,61,407,17,164,230,617,9,53,72,45,224,40,41,103,50,12,110,28,1260,28,1452,6,199,453,74,921,107,24,129,29,89,2569,87,45,58,122,438,14,17,43,926,87,4,4247,293,317,61,2,437,21,408,54,390,516,162,87,283,318,18,5,260,534,142,581,21,312,179,13,73,63,2281,38,14,159,221,1,827,47,9,1,360,101,7,90,74,50,357,21,4,153,1273,55,269,197,141,330,110,87,55
27,45,798,7949,1155,3901,108,456,1355,1525,740,85,93355,621,626,455,55,2292,581,1251,16,261,6811,6,349,196,62,57,10509,2192,2250,264,3161,437,1,162,252,17,233,9,1349,1079,1183,77,1877,21,397,591,775,410,69,750,855,438,1107,127,30,880,406,13,5001,21735,75,739,2124,3668,952,189,330,331,18887,972,69,862,364,391,39,1324,17872,1148,427,5187,333,68,2120,9862,825,40,711,170,4710,7,1020,97,1027,63,1890,83,6672,9,73,104,1853,65,154,137,108,4639,1039,9271,755,13,17398,1982,813,23,431,403,808,692,143,1188,74,342,265,906,50,1076,3560,2520,172,2914,533,1410,29,191,54,869,1155,200,150,3435,3076,142,13,46,5532,33287,2445,217,6457
28,3256,9,11,1962,79,502,3,2,889,47,20,444,95,3561,113,371,0,35392,135,132,701,44,9,16297,7,246,6,314,371,1,144,439,8506,1984,20,151,20330,638,23,1055,3829,40,810,5,898,403,702,242,14,32,319,7,296,483,17,1351,11805,288,356,52,3,255,23,635,51,993,10,217,523,7384,36,16324,4,6,132,49,32,2481,42,7916,1541,7008,28,8085,17180,14,1454,16,16678,37,6,10,114,441,62,616,0,0,2,28,3,0,394,78,48,6731,272,1107,14,71,1,6,962,483,2299,425,11,11,112,128,114,1137,682,95,190,20,84,35,318,42,23,178,215,1,14,964,87,335,1550,23,32,270,1228,815,417,2631,133,90,1506,1085
29,320,283,250,34,59,16028,75,737,32,112,189,34,60,70,1033,616,173,6,7736,940,8,482,58,20945,406,158,25,226,16,1918,1646,82,916,611,141,131,741,31,97,394,35,18,752,3534,261,719,593,47,986,99,420,332,1746,221,2125,11,500,110,290,150,75,141,859,1329,29,21,344,316,723,120,23,630,17,23,299,12419,94,303,121,3156,36,187,331,47,55,166,189,603,785,503,70,333,128,12,131,24,1383,313,12,154,280,20,35,342,2126,117,157,1256,46,87,101,163,17,152,589,64,58,61,78,101,1031,177,221,14,43,476,314,62,55,11,157,186,121,45,178,1918,791,53,3313,0,52,5,2430,91,16,132,18,632,653,24
30,86,8,136,25,66,46,0,219,61,76,27,7,54,31,28,1,1,42,31,109,2,308,8,136,41,10,4,15,18,2,26,3949,35,6,9,43,83,0,12,6,1,0,57,817,5,31,11,6,1,19,136,4,30,146,36,12,60,5,0,1,42,654,5,223,0,4,384,1,36,3,341,359,148,2074,183,270,14,17,8,92,3,21,122,220,146,3,1303,793,135,132,8,42,118,0,4,1,8,11,0,583,2,2,6,0,11,4,47,8,21,8,5,6,2,90,204,15,81,6618,35,9,18,169,544,26,756,18,398,4,3,0,4,2244,1,3,5148,449,644,56,19,3,24,5,9,1,34,24,9,16,15,164
31,426,20747,119,261,7274,387,993,2879,36,3637,5452,20,1614,5139,1966,309,1669,487,375,85,41,41,979,3205,437,14974,59,30457,1638,3937,4039,718,336,5474,6385,3235,36,27,291,16472,176,590,1425,269,662,309,5487,47993,758,4738,1641,3167,169,2881,908,10,12501,27336,38,820,76,91,1290,3085,15470,135,6493,163,98,951,3509,46,608,6241,727,951,79,991,289,253,400,3,596,84,113,248,1640,5583,1218,29,5663,10,434,4,178,2354,350,664,1038,3403,62,407,380,1513,86,89,23752,11267,4667,13,162,2042,62,1292,6392,918,5701,1360,434,555,663,1471,1511,336,1273,7,1302,174,1401,3,31,22,218,82990,1986,104,1655,7149,59,12183,249,166,7,274,201,7969,269,4,1013,632
32,0,0,5,819,19,348,23,8,2,8621,445,7,2,35,1,81,94,5,93,335,1706,18,6,3,63,1068,22,17,22,3,6,1,318,3,6,8,0,3,0,1352,103,292,0,1745,0,231,0,17,0,427,10476,14,12,11,33,26,194,2,0,515,26,54,1416,0,7,39,1517,107,10,953,26,512,11,3,1,10,1,41,0,10,4,234,42,210,3,0,774,2,0,99,10,1,6,34,9533,4,4,9,2,1,0,1,95,1789,15,97,181,62,20,0,1,5,16,3,76,0,29,138,6322,1756,2850,26,59,306,127,2,73,0,69,0,1,9,6,13,55,6,0,458,543,0,1,25,811,1,12,12,9,5,102,87
33,65,24,55,94,283,0,699,17,5,347,312,7,399,86,22,5,2,33,399,5,93,12,0,157,139,14,87,158,43,678,1179,122,5127,23,159,144,14,91,8,404,625,23,237,116,2,27,189,214,866,36,222,8,155,5,5,6,867,352,7,18,105,24,142,18,2,4,928,42,223,30,4,144,3,6155,301,16,3131,129,11,155,318,590,707,351,25,2,33,59,48,198,15,164,54,20,339,181,119,57,11,8,15,4,151,18,22,27,32,66,743,39,135,28,3,135,271,6,581,3,31,162,163,265,7,254,44,105,6351,169,5,8,33,10,3,72,62,250,737,2031,207,141,26,25,208,171,16,68,4,26,1312,1456
34,0,46,142,826,1996,77,90,15,57,101,3,12,1205,567,34,117,108,494,457,5,5,206,552,54,2,568,411,450,19,1304,77,17,44,35,52,31,18,0,77,56,50,26133,411,1,28,9,5,0,16,4632,5,3,192,21,7,2,24,0,27,511,7,0,29,7,29,6,184,10709,1,16,1,10,2,1,21,83,24,17,771,12,250,17144,27,2,44,120,5,97,374,4,0,19,10,21,2875,20,0,0,41,64,6,4,84,73,7,2936,22571,281,10,780,0,192,41,742,6385,47,22,1,19,9400,0,30,1,177,23,178,3906,48,14,16,32,7,18,69,333,12,0,39,9931,120,0,11,112,0,148,24,23,10,117,255
35,2218,177,1454,919,197,188,269,2745,3092,2676,2203,277,145,458,2078,120,356,48,1916,185,500,2,92,193,300,3137,71,634,1347,278,167,61,859,2348,2613,602,246,2364,237,1607,6395,435,186,176,73,96,386,49,66,331,518,1003,168,434,218,29,1206,1777,374,1477,541,298,26,333,1363,69,20,12,803,281,778,619,220,183,489,278,55,2759,3698,775,74,604,285,7045,1503,34,155,531,166,9,1395,708,27,1074,14,133,60,8000,367,1800,16,375,1879,774,321,1245,7692,2031,406,167,447,520,1057,228,2052,3014,310,812,157,342,323,12062,80,65,749,105,486,386,3078,23,3484,1048,4771,393,76,43388,1821,2110,277,105,288,5107,255,357,475,59,24,614,35,1069
36,112,128,200,713,320,497,272,236,982,1039,3547,234,296,91,254,374,360,298,60,1060,217,186,51,96,643,803,475,956,171,261,4247,820,4922,40,99,217,63,108,349,265,1026,857,63,1008,1316,607,478,302,1037,69,4129,423,695,2584,1230,90,3439,306,54,501,720,1267,389,915,172,49,877,154,832,1050,58,1439,102,91,1904,1260,320,1113,913,380,509,892,1318,363,445,301,275,177,307,307,368,98,19,200,1451,147,96,322,8,528,53,336,618,440,1312,176,584,165,556,852,305,50,1231,446,550,102,430,278,84,305,47,3329,156,266,393,165,97,902,734,37,773,256,854,62,150,128,717,339,547,36,108,229,30,730,31,1639,520,1479,385,453
37,72,19,5,39,4,13,2,25,9,139,39,1,12,18,7,7,2,20,20,14,41,24,105,10,4,27,4,44,15,12,8,24,3,41,7,22,27,19,24,54,8,17,68,18,25,42,8,2,54,39,11,25,2,20,13,4,1,29,3,12,6,6,30,27,10,13,11,13,20,6,7,21,5,35,22,7,12,10,13,8,1,12,22,1,44,11,7,8,8,6,15,14,10,4,1,6,1,33,1,47,8,3,21,19,8,10,43,39,68,52,19,6,7,9,43,11,31,2,37,27,4,13,1,3,77,12,15,2,15,0,2,17,24,24,10,15,28,12,8,4,4,27,5,2,1,13,3,12,2,13
38,14,35,22,38,11,29,16,201,14,24,75,0,97,19,36,44,40,26,4,7,36,54,11,11,14,76,12,23,43,34,25,29,72,10,28,3,3,14,14,81,67,2,31,22,26,114,8,10,19,40,34,8,2,19,46,9,42,21,17,48,10,47,5,27,8,4,16,30,17,18,13,32,15,55,25,30,8,21,41,5,25,66,54,14,25,20,27,17,11,36,22,29,16,3,15,77,1,41,1,21,4,10,6,11,12,17,11,18,38,15,9,12,20,84,32,7,37,16,27,8,7,25,42,8,17,15,17,8,11,0,20,37,21,0,4,87,17,67,22,5,15,56,14,36,40,13,10,9,27,25
39,10926,767,284,1536,179,195,141,620,476,171,1197,29,220,178,400,1594,121,1198,371,2049,891,636,10858,883,816,167,59,628,263,1024,153,46,88,350,363,39,147,6399,1741,1144,442,99,654,255,243,313,4789,224,2683,75,105,1321,42,1190,1462,233,761,238,43,868,44,708,372,1516,434,26,527,587,237,207,1166,118,127,1378,860,344,256,352,915,4852,132,4003,518,1168,453,191,592,27,667,659,126,1146,2288,170,159,301,560,242,62,1446,618,54,1408,204,241,109,1534,96,7033,525,165,362,635,450,1381,5312,753,11,669,824,610,97,22,357,1168,246,414,1376,130,63,402,603,144,74,819,26,275,517,172,961,57,233,118,88,153,112,210,3203,432,4268
40,110,291,28,409,15,20,81,47,210,22,2667,2,1,143,1,139,55,278,2,14,78,31,10,55,23,20,89,799,4,18,3,29,198,1298,34,10,10,15,50,11,1177,1,0,34,83,686,18,26,14,17,3557,493,25,3222,1159,9,5486,13,0,318,47,43,25,133,14,52,38,151,3,209,90,62,23,71,289,21,4,5,223,107,718,24,180,7,2,2,19,101,2010,78,350,33,982,105,26,51,124,10,22,4137,54,438,28,2230,54,1,30,4,749,345,8,45,13,61,19,71,116,43,36,184,28,29,262,12059,37,894,1304,1,211,2,18,92,538,30,12,22,15,142,1,0,204,63,421,6,6,13,71,12,60,447
41,34,2,28,20,13,24,79,51,22,86,53,23,6,28,14,4,20,15,6,13,48,4,1,14,108,65,9,14,5,54,3,40,5,71,12,221,13,10,1,19,19,4,391,0,8,72,62,9,0,53,2,30,7,42,420,14,8,4,1,81,5,10,7,19,13,14,12,11,6,28,8,3,48,8,10,11,91,63,1308,8,5,106,32,79,197,6,103,0,46,6,76,2331,377,2,4,18,149,19,0,177,0,0,7,19,653,43,16,46,9,24,22,2,41,3,52,22,231,20,90,6,0,5339,6,2,1,32,16,75,15,0,285,18,0,11,6,31,2,152,47,3,43,24,4,28,8,45,5,4,14,71
42,2371,1,2,23,1157,9,51,74,0,4,30,0,0,7,491,213,0,56,5,1,2,41,6,5,40,119,7,68,3,9,17,43,29,125,157,4,5,2,8,24,2,5,22,1,0,2,21,5,5,4,8,2,27,4,120,1,7,2,0,36,1,186,5,34,44,37,6,10,6,126,4,1,2,36,25,0,0,81,41,5,23,169,10,9,52,11,0,7,41,3,2,7,1,169,17,0,41,1,2,0,10,22,4,1,0,32,2,6,21,1,22,13,34,337,9,0,42,1,31,6,1,13,6,0,34,0,11,4,5,143,10,20,10,4,7,39,1291,3,107,0,0,9,1894,69,0,231,8,12,3,80
43,11,101,2747,1,16650,3,196,90,43,3,1,207,27,4,337,7,21,0,0,10,245,16,127,5,18,50,76,1,1,1,0,4249,0,893,8,28,1307,826,4,1918,28,0,56,491,1,42,50,7,92,1913,171,3,1,190,6,4,351,0,0,262,46,0,9,482,2889,14,654,2,105,27,0,429,229,4,29,18,17,36,727,103,1,295,92,2,367,5,48,39,39,4954,6,15,40,0,8,8,40,163,116,5,58,217,2,61,0,18,462,99,1685,249,23,4,75,1,8,11,320,31,0,5,613,0,1051,3,794,0,3,6,0,25,991,85,4,19,24,47,2,1177,25,2,353,516,852,11,22,21,92,21,5,6102
44,127,60,216,60,771,2439,6222,107,1491,166,90,76,37765,204,3904,1954,148,1003,265,295,5,9773,3,126,412,167,81822,937,4,172,2741,80,246,399,192,383,69,2230,1077,6480,2560,11234,418,0,566,1276,184,1995,3588,759,184,10979,618,2495,6945,5,77,4471,6480,453,340,899,147,739,38,3286,1840,2464,287,208,0,26,88,288,5096,73,29,191,95,2255,1989,375,542,193,1947,30,80,935,75,720,9,154,1440,95,1398,18,2,36355,39,45,24,4,1,4,24,174,228,697,170,68,82,5137,1922,496,79,359,3291,3114,1409,1278,2,52,27,1301,6,16,1375,66,2257,1101,7877,4208,179,151,172,1482,168,1339,115,92,10,198,1698,205,9908,915,6,894,157,2348
45,26,4,60,12,13,7,4,177,10,22,105,2,39,25,29,22,28,14,6,5,31,15,40,28,60,10,3,132,26,16,33,14,7,35,3,11,10,110,0,26,18,12,59,19,7,2,2,13,25,9,10,3,3,93,144,0,47,69,10,35,16,2,3,108,3,5,4,46,11,11,7,90,87,12,49,17,7,44,27,8,19,12,90,25,12,5,28,43,4,25,9,269,0,22,8,34,3,2,5,5,5,12,36,14,18,6,17,16,7,21,83,47,13,29,139,26,39,2,28,4,9,61,5,9,62,14,13,5,9,0,10,14,30,19,38,62,46,30,7,8,28,22,5,8,22,21,55,14,5,13
46,446,1816,549,2524,10,9,251,1385,1,1253,61,9,11,62,3,209,4,2243,3982,0,20,220,1426,16,126,23,1,391,31,28355,6832,37,6,175,54,29,3,49,2,195,790,321,12,83,0,25,254,114,40,180,32,1270,5,37,1319,3724,821,7,4268,30,439,116,222,146,928,6,3,50,791,11,4,1632,435,4,3,9,314,15,806,70,50,39,327,5720,30568,5,15,12,550,2081,88,21,2,23,49,6945,21258,48,3,6171,27,1931,10,271,255,7,355,61,2446,155,17,472,15822,4521,585,2206,522,98,18,12254,1,3,1837,183,46,4,1013,192,36,75,493,2448,4639,5,158,1043,69,456,589,502,54,1248,43,852,98,2613,691,10,0,1011
47,928,2769,5973,377,644,91,287,11419,1021,736,4572,27,582,254,57,8323,10,196,3214,489,1415,518,409,52,866,716,92,4389,200,47,2337,79,2283,479,948,469,7118,6811,18003,8282,128,311,627,2877,4338,721,1656,1311,2056,244,9216,624,1674,4575,223,269,89,32,356,242,4759,39,5716,54,172,368,2021,383,25,3341,660,9389,511,543,1983,1088,2053,741,1146,124,273,687,414,197,2150,1105,297,621,1856,150,92,18293,89,4225,691,3896,30,2776,3,2399,47,5,175,989,1569,212,2076,7492,2889,42,22,30,77,153,2142,1531,4769,612,515,3,587,1684,1090,297,1480,11,5060,3938,61,4,338,4600,108,59,330,668,431,226,1903,311,1084,916,4106,382,3820,170,4357,1545,1523,482
48,3,985,181,105,87,154,77,12,1,8,270,2,171,514,57,1065,514,25,41,6,138,556,72,4,106,0,14,124,435,94,48,58,30,107,143,12,426,20,0,56,666,118,463,7,331,92,16,301,1,6,10,3,5,338,922,2,0,18,79,90,5,9249,132,240,45,2135,41,876,368,29,102,101,541,2,3,22,108,21,180,5,94,6,2031,0,194,1,40,95,299,3,243,59,151,0,154,22,1,124,1,252,73,6,16,498,159,0,10,1772,9312,32,7,19,396,33,1565,12,7,7,23,36,0,1,214,276,106,8,81,4,50,1,2,52,86,0,825,19,7,13,16,1,749,768,20,35,8,42,822,147,22,5
49,158,174,173,191,49,97,67,744,321,145,69,4,70,193,247,277,48,32,51,39,128,107,28,45,290,78,25,86,86,91,50,747,225,62,206,82,256,62,56,144,112,125,250,353,200,22,49,152,662,79,40,140,262,123,142,38,95,81,19,23,21,120,324,95,47,54,40,17,57,139,75,150,23,77,159,57,37,48,59,577,86,69,2212,151,105,58,58,32,157,38,9,219,73,28,121,181,95,94,3,135,13,51,45,129,43,72,34,198,132,122,414,50,128,115,447,44,287,187,87,126,196,123,64,326,80,92,144,169,24,6,52,480,44,97,109,232,82,185,261,22,42,152,44,102,47,30,47,62,14,189
50,572,182,72,129,227,16,237,776,23,60,93,1,196,45,299,16,64,437,29,24,23,816,132,133,32,88,7,46,11,47,76,471,105,13,88,8,15,82,70,77,1784,50,12,3,28,60,58,37,1715,12,323,4,27,18,84,102,11,20,20,47,201,34,18,57,7,10,120,111,13,31,21,27,41,105,104,112,6,51,812,6,35,79,97,56,166,25,16,37,31,25,33,101,6,37,37,18,28,22,9,1,5,41,5,4,23,87,43,88,55,62,187,40,12,4,620,72,93,546,62,20,37,182,26,132,492,52,547,65,53,38,4,47,2,26,55,1428,24,15,35,44,5,92,7,9,42,24,17,137,8,13
51,51,696,22,38,32,1824,7,122,23,287,109,0,53,1964,8037,359,53,11788,3,15,50,293,582,57,119,534,39,116,153,940,72,44,15,27,12,83,28,326,71,331,346,14,69,639,504,15,105,57,13,2235,22,87,37,581,669,81,7,433,0,84,59,544,346,140,614,1635,260,218,19,1012,140,70,2185,1296,682,15,176,340,350,50,20,652,494,139,176,9,2914,8,55,1,5715,52,24,3103,16,139,32,183,20,36,58,14,111,182,3651,13,2,55,57,469,401,112,100,826,607,63,471,137,338,93,171,140,12,14,188,83,182,54,217,39,360,293,2,28,211,236,8,100,186,3,47,1418,3,132,5,172,124,267,3,181
52,1512,730,576,20,684,1803,324,309,43,964,50,3,105,50,2394,318,38,46,47,300,193,84,72,1797,47,1320,482,447,818,8053,369,748,299,126,402,132,36,434,44,520,991,225,241,1213,276,51,15,165,1074,709,1030,1500,192,382,1081,47,3573,273,152,29840,716,935,27,176,335,134,154,38,870,74,157,1559,74,57,387,82,382,116,60,88,3567,153,3110,230,545,22,383,498,6837,835,39,4913,524,17,228,1747,13,24,2,25,10,262,1,291,22,31,579,99,52,719,2089,911,159,506,2286,4172,1464,1794,523,157,121,485,241,46,160,850,362,995,274,28,30,17,731,101,61,70,80,156,876,120,43,32,371,774,319,943,106,390,892,9
53,10,3,94,33,43,66,2,393,223,978,23,487,67,12,6,5,37,188,74,10,545,11,5,51,238,45,221,108,3,55,263,58,96,18,5,40,565,37,4,65,45,7,53,209,9,309,359,8,55,93,96,194,22,9,522,44,299,0,2,146,35,2,22,142,64,142,5,1428,15,34,7,1014,3,46,16,53,333,45,9,50,804,4247,4,31,1825,26,61,346,825,478,375,47,39,391,16,70,13,45,53,77,5,1,362,90,33,8,518,0,0,104,8,2219,97,37,199,598,34,3,26,70,9,910,279,49,100,1166,12,36,20,18,27,33,95,2,4296,3,3317,27,7,12,1436,201,1858,26,6,8,42,4,7,3
54,71,142,132,59,384,44,1164,1015,404,38,626,113,107,9,781,1026,55,1620,84,13,19,441,49,11,774,163,314,132,1580,832,2228,779,287,400,423,63,118,94,121,99,470,68,28,5,213,1126,1163,158,469,62,312,265,45,339,531,107,492,340,9,146,745,499,357,170,163,140,98,984,1660,197,506,100,45,61,801,110,2453,53,58,27,598,30,724,586,107,65,33,226,769,396,342,1332,19,129,114,230,290,129,118,671,341,151,94,21,402,46,88,365,196,849,48,8,49,983,246,22,223,470,569,1028,12,146,288,8,686,68,155,245,42,65,82,197,488,119,243,62,137,88,105,12,68,1263,1939,39,27,43,725,30,317,420
55,74,5,177,533,94,32,117,406,311,47,12,35,210,218,128,170,4,122,356,79,199,35,98,89,99,2,76,6,20,54,53,23,603,90,20,385,408,40,74,8,30,8,37,58,49,18,13,188,95,132,90,7,319,448,43,23,48,44,7,2,288,24,1251,36,148,17,23,14,215,109,41,293,10,10,37,14,15,61,79,367,65,163,27,92,51,299,65,47,2,106,94,590,49,96,14,98,13,81,0,248,4,109,232,30,143,279,1332,18,153,314,132,366,15,784,41,30,206,422,117,693,2,75,329,59,104,150,677,15,86,10,24,667,95,10,165,153,21,251,99,90,149,48,4,795,29,70,114,44,15,199
56,49,28,52,39,38,62,7,32,34,108,51,1,28,17,12,39,21,29,10,12,32,15,5,11,50,7,4,159,51,18,27,20,55,7,30,24,95,23,7,10,176,17,22,6,11,188,5,1,16,5,8,13,14,34,26,32,27,28,4,18,35,20,21,32,7,3,24,5,8,5,15,13,73,37,19,15,131,28,15,4,50,14,168,21,6,4,6,35,52,6,10,7,15,25,7,86,3,71,4,33,22,7,38,47,12,1,12,15,22,8,21,2,23,37,26,9,37,24,11,18,21,2,6,20,77,11,17,18,6,4,9,38,3,23,13,29,8,15,78,33,6,13,24,60,6,62,14,29,9,19
57,181,322,38,138,1049,1258,919,179,11,112,217,44,275,1091,414,82,105,179,22729,245,139,8,2388,16,19722,79,64,616,2024,37,171,477,12,74,147,18,7,290,8449,4785,30048,60,28,208,83,20419,62,183,3533,0,181,34,10,636,19,2752,77,27837,39,1974,152,194,426,8919,472,21,285,20668,1901,1087,987,241,65,2659,183,84,6636,164,5,13,778,673,335,1,144,11,4,15,1535,40834,31338,1966,406,4425,339,6,968,8,49,122,227,23,86,0,1711,2587,330,70,659,136,24233,51280,10353,512,0,29696,28,0,15363,912,60291,115,571,0,11,389,1026,3,4123,0,677,3103,89,13,28165,68,20,212,1121,3412,614,663,24,498,1084,66,18952,3976,687,63
58,8377,647,320,2682,2012,1680,440,1561,805,1158,770,25,103,90,1666,3448,77,189,1599,79,1113,858,281,639,699,369,251,1349,548,209,195,202,262,337,296,256,220,870,858,292,291,182,447,1579,107,2454,274,256,371,884,619,501,1833,372,1735,746,2574,119,76,316,368,109,991,529,266,143,2925,687,1158,180,69,1205,2849,1846,2147,226,201,97,739,211,170,1797,3391,383,405,286,134,196,114,450,271,1215,68,445,571,356,112,351,67,636,86,232,151,357,129,130,588,1490,348,628,4490,1603,1451,853,1217,1519,1097,228,550,846,109,303,170,370,343,31,581,159,1563,33,2048,640,335,230,1262,3074,567,180,108,506,629,1717,747,744,338,294,1957,890,230,782
59,59,284,127,1484,832,14344,466,1411,250,11,7782,16,2839,1877,2445,129,454,44,270,110,60,82,111,445,30,47,9,143,55,290,139,9,96,51,4718,3702,16,390,150,141,136,1950,25,118,2072,84,67,75,2294,468,212,98,9,40,1732,3593,146,3,4173,215,22243,50,600,3447,14,52004,49,52,210,226,30,29,22,248,6152,2438,51,454,838,17,3434,13838,277,531,106,13,92,117,0,44,86,52,5,52,484,1623,10,3,20,87,628,71,123,8,228,241,30,477,3399,78,8,191,76,1316,155,7577,118,487,111,25,87,233,4281,99,110,183,23,181,37,240,509,490,820,59,247,465,139,119,532,7871,74,8453,5,454,1404,122,546,3,2548,179
60,405,818,60,51,61,71,10921,70,17,44,0,1,151,366,348,550,0,9,2,734,20,140,3,4603,0,156,6,104,1,1,2,4,35,7,2,13,20,1686,5,5,12,51,221,1,4,2,23,68,333,9,0,1,116,1,10,22,7,0,8,21,3,163,1,34,31,0,40,342,0,26,155,4,1821,0,3,0,3,499,0,1035,0,0,19,9,1,68,0,33,9,0,171,9,8,68,6,4,1,19,0,51,30,1,109,2,30,3,617,4,18,0,5,8,2,0,7,0,5,4,326,185,3,48,4,0,23,0,24,10,349,0,20,17,12,2,0,36,18,15,346,3,19,130,3,87,87,2,361,1688,28,3
61,843,0,5410,42,375,7,157,13,111,63,18,6,0,855,9,25,3,714,126,52,46,42,51,11,53,33,5,1024,3047,654,41,69,109,139,19,453,219,207,24,674,1110,25,1,3,23,34,6,15,76,4,6,2,62,272,44,25,12,9,91,190,23,909,11,58,50,41,14,2,2,37,9,103,368,41,75,320,102,86,124,1119,146,42,218,3,295,4,3,5,7,353,874,1231,8,28,35,1053,411,125,0,21,53,0,47,41,1879,4,175,27,0,11,94,77,17,33,414,1,2,1,870,9,3,142,104,27,3181,7,127,22,35,2,149,66,2,18,832,99,6711,48,0,11,90,36,1104,501,45,72,23,307,16,1136
62,79,327,18,9,346,371,543,405,93,41,21,6,25,2,1656,19,375,13,50,13,29,7,70,32,14,6,39,57,23,240,269,253,3,9,12,25,1556,4,101,20,175,77,15,78,127,2,4,181,63,28,1,270,3,10,24,4,28,1,70,14,7,51,5,11,2568,0,30,75,2,3,22,19,14,32,108,1,89,0,40,19,4,56,5,176,199,4,9,2,13,13,29,170,25,2,15,26,2,17,2,3,0,2,2,3,176,22,7,1,431,49,108,23,56,34,40,18,270,8,2,1,7,24,0,6,5,0,8,39,52,0,261,8,8,17,6,29,0,7,30,75,2,27,49,61,22,137,47,24,1,107
63,382,367,440,105,246,144,100,41,272,3815,563,2,139,27,375,1312,103,309,71,67,153,124,79,972,107,86,61,153,127,109,172,231,350,36,534,155,54,210,57,357,161,53,113,88,65,47,503,80,300,116,206,86,71,86,110,62,57,58,42,255,413,66,193,51,83,31,33,72,1103,82,36,269,500,118,52,242,546,174,423,51,119,27,308,96,225,16,618,77,89,5,71,2404,263,69,58,178,120,163,11,63,28,568,25,295,27,35,230,636,30,635,31,103,787,119,573,150,619,68,739,242,1,146,68,61,576,119,281,225,46,4,266,150,340,83,51,291,31,45,316,145,325,55,180,55,341,940,228,9,88,151
64,17,468,52,181,7678,3535,66,2172,207,161,139,11,2043,5116,45,203,701,225,17,80210,392,594,13438,59,924,18983,132,11,60,377,879,0,25650,2225,278,23752,8927,118,14404,305,4,459,2151,22661,29145,189,832,25,1268,15,246,48,0,88,1874,7,2269,2436,610,4,3,42917,135,314,136,2,1018,586,46,4359,73,783,128,76,235,544,3842,3810,24,481,39,565,60,754,3191,1161,8,75,9172,346,5,410,420,1733,478,175,615,110,15,31888,876,80902,13665,12594,12187,50417,149,123,1434,1848,4,62,723,800,320,607,336,1,964,102,0,19,2619,44174,4812,56247,31808,441,362,300,70,14,82,2131,89,204,15329,104,11,11,976,1088,80,1916,123,71,405,9053,2153,10804
65,72,4,146,2,35,14,1,32,4,16,64,1,40,832,8,31,0,12,99,2,2,28,43,41,210,38,887,3,3,1,23,0,97,287,1,3,49,14,19,1,59,2,32,16,2,51,11,22,7,3,39,2,2,22,12,3,9,18,3,36,5,1,9,9,6,95,21,23,17,111,5,19,593,4,4,10,3,47,1,3,35,2,423,22,84,0,16,36,9,0,6,29,4,8,33,8,5,0,3,0,1,1,16,6,122,0,25,24,8,201,8,5,18,9,8,10,18,3,88,2,0,21,85,3,297,43,2,3,1,1,35,1,75,0,5,387,36,12,19,38,81,78,55,121,69,1,10,2,1,18
66,891,5,92,6,34,46,210,1527,0,3,201,0,38,15,1,89,58,20,5,9,23,0,10,42,2,34,35,1,5,44,89,264,7,4,11,1,16,3,0,1,63,16,4,4,5,746,1,4,35,0,31,22,134,0,22,4,4,4,14,0,39,9,39,88,2,38,0,39,4,152,12,21,0,558,7,320,159,136,2,6,11,2,590,1,542,4,2,103,10,0,5,6,17,26,1,68,2,9,13,0,6,6,14,1,173,4,13,5,11,53,205,1,5,6,705,49,11,35,252,8,0,1,25,0,0,13,16,2,6,0,13,61,11,44,99,105,35,4,91,1,15,1,8,83,7,3,2,6,4,22
67,18914,1429,6394,38,820,92,1054,762,1129,1057,98,5,1,606,4257,707,722,8,18,1,3451,42,178,512,1304,18,1031,129,290,3856,2318,940,381,1014,3025,1112,26856,1948,631,305,37,1878,677,9880,222,4640,181,760,1517,1052,2283,250,929,1397,5065,28,94,91,1067,262,74,10354,241,853,1,1224,215,3219,152,5200,810,1417,4480,242,112,29,1592,1010,2732,2084,658,2597,149,6854,5660,16294,14,394,7632,1105,200,47,49881,7067,322,195,22,9363,12,5471,187,10,1887,2972,585,7385,114,436,3860,387,11,1418,592,55,1914,755,1138,6418,21,441,341,116,4,144,897,139,1174,289,346,223,440,1045,47676,97,1606,360,476,76,1386,11217,8385,360,1347,448,390,3213,197,4618,326,4969
68,605,686,1846,1319,3283,307,3172,2736,7,2966,238,53,9305,3284,2395,1153,1223,1281,32,2518,20,2162,213,3770,666,1372,593,606,19,115,297,1321,143,31895,1140,24,934,9090,33,320,791,3517,56,371,1170,72,85,856,310,264,3122,20,19,1814,3249,112,327,85,218,3035,265,97,20,6,189,160,10258,454,893,1332,92,259,6,147,1015,26,1799,13070,58,184,275,46,8,18,297,10207,224,55,320,243,1797,296,9,54,66,234,153,34,136,6169,69,129,2279,824,3124,2033,317,13,6965,310,173,463,1714,980,74,204,4,214,185,489,71,340,165,37,5005,6814,147,1843,344,44,659,619,791,54,479,3254,72,2081,524,7819,1240,490,6076,996,465,23,9749,47,1115,64
69,99,194,19,39,133,1573,218,749,38,10483,104,3,237,10,2,2110,11,114,6,462,1102,353,312,36,18,1075,1214,971,6,7,51,1603,32,233,13751,32,21,472,30,145,8,880,100,69,6400,37,2,1479,0,48,7,0,76,1244,2871,19844,2,173,45,402,18,102,17859,288,48,41,4,67,3,463,11,222,9,255,45,419,4,8484,474,171,294,261,314,111,132,62,982,9,91,4372,4492,36,13,3,153,125,56,176,6,49,3,10,76,2069,27,1694,77,869,91,6162,550,0,10,1519,189,128,2308,83,215,618,11,65,175,5,16424,108,28,25,263,5,143,41,838,12,25,170,2,10,216,14,83,112,175,106,0,1297,58,12218,5916,8280
70,29,17,34,0,1195,1443,0,343,592,20,92,7,71,135,13,10,5,52,21,1,50,24,0,0,37,45,40,8,3,7177,118,8,21,12,34,0,0,16,151,128,0,5,8,329,6,38,86,8,216,5,12,1,9,5,13,3,102,1,0,0,0,25,71,36,2,11,61,22,43,13,26,24,2,761,3,13,911,6,14,21,0,0,11,4,11,405,8,16,17,269,9,28,735,31,7,12,162,20,3,212,0,3,1,3,174,1,14,43,2945,65,1,2,2,246,631,6,0,5,8063,107,0,164,33,18,3,602,16,29,2,1,18,877,516,3,55,67,538,24,1591,0,1,124,16,14,8,5,9,34,31,0
71,47,33,147,148,29,69,90,130,167,18,517,2,66,426,21,320,25,1099,5,12,3,188,138,91,234,24,117,84,102,82,81,102,62,76,25,119,135,9,205,36,265,84,81,160,33,60,79,217,54,92,18,7,34,173,1427,104,16,76,12,136,217,590,1,88,66,5,28,686,3,3197,524,20,299,54,711,160,15,32,77,92,52,115,217,12,40,192,10,155,45,29,14,11,50,25,11,156,69,25,1,251,20,24,235,191,2362,160,148,46,154,80,138,42,2545,708,201,64,96,12,27,378,1,156,24,7,309,246,39,64,3,71,89,147,205,20,122,27,59,187,239,27,38,83,21,451,47,33,6,413,54,41
72,134,41,15,19,103,66,50,32,27,6,41,2,9,45,4,9,38,46,1,8,36,5,12,16,19,9,0,8,1,6,41,14,8,41,9,32,51,14,1,8,27,14,15,2,45,6,0,2,10,21,20,0,1,41,12,15,6,22,1,23,58,3,0,11,2,0,1,14,96,15,24,60,51,2,1,40,110,7,18,57,18,6,15,23,64,23,95,28,6,17,9,68,10,15,2,7,63,72,0,14,13,7,9,66,7,2,2,26,6,12,5,5,3,6,42,4,9,24,20,28,3,15,8,12,30,15,6,5,1,1,10,30,1,3,8,9,17,10,82,3,4,2,46,15,15,8,13,16,2,4
73,8,3,8,1,7,1,23,866,1,64,115,0,0,1,99,3,2042,344,11,1,17,9,31,86,1745,2,2,37,3,35,34,68,7,2,75,117,46,622,0,9,26,15,18,64,14,2,51,2,91,404,0,3,0,1,11,16,9,0,12,861,0,4626,0,9,361,4,413,54,2128,295,1,3,0,14,0,36,2,1,128,2,244,2,6,6,18,3,1,0,4,3,2,57,22,147,0,2025,3,0,1,7,25,1,4,1,320,3,128,184,14,9,9,16,183,4,2,6,0,5,1576,0,7,0,0,453,8,69,0,7,1,0,3,15,1,1,2,1,19,30,133,41,14,13,0,28,1,4048,29,5,4,8
74,156,3,164,0,38,5,16,1,22,1,40,74,15,1,309,1,5,95,77,10,0,5,56,31,12,58,2,0,5,36,0,80,57,218,103,7,166,26,46,81,7,0,13,4,1,169,416,519,271,19,24,1,21,16,613,165,28,0,36,6,4,0,383,26,228,20,190,1,4,20,9,6,0,941,1236,968,9,0,18,0,4,95,14,300,4,393,171,17,4,203,16,568,2,6,162,9,1,681,3,626,13,4,0,5,11,9,11,300,100,27,77,6,538,81,22,11,2,276,64,7,110,808,427,10,10,6,4,19,12,6,1515,190,0,0,5,127,77,6,256,5,4,40,41,15,9,2408,2,0,1,430
75,99,37,184,92,250,71,144,226,30,71,86,9,4,55,101,486,223,179,32,39,158,45,24,34,93,88,39,10,116,319,58,40,48,110,206,142,44,62,29,300,167,188,364,42,14,5,588,75,245,170,16,119,27,182,49,31,54,4,31,244,20,119,37,10,24,7,46,225,135,68,40,140,39,18,885,90,128,34,38,59,280,181,123,70,52,79,304,56,98,37,511,176,59,23,10,120,10,19,7,20,13,59,15,76,38,14,24,409,27,217,71,92,92,36,126,28,87,17,330,350,28,7,169,65,73,126,20,19,5,1,5,59,37,114,79,53,37,41,48,11,16,106,97,30,40,458,12,26,19,23
76,1693,433,7,3,931,266,1026,211,16293,194,134,1,9,155,2538,239,29,51,198,785,681,29977,7182,940,712,860,1378,6660,115,0,100,3362,71,1595,1,2203,12,4133,826,411,7834,4,27087,24,92,21,16546,4,42,6260,69,787,3,69,450,4,62,76,734,2704,31,812,193,341,13,248,2,717,236,109,40,320,50743,32,37,67,277,1293,161,81,1234,183,122,34,364,1352,301,2936,159,1,6,4518,24858,109,14,104,38,9,2,266,337,87,805,7055,561,4629,5762,30,2014,708,273,2979,648,2691,30,178,48,730,60,86,0,3246,3283,108,129,148,400,63520,44,22,1369,877,4,10,1862,98,551,3538,16,188,1531,35,87,133,146,10635,54,11,10,200
77,149,12,3750,76,266,154,49,341,1274,74,479,11,599,15,375,338,10,16,320,151,18,305,37,46,30,6,0,384,48,253,121,24,22,10,16,1,38,28,29,195,20,36,619,63,40,15,34,59,24,167,10,22,48,5,1348,350,102,163,8,168,12,339,38,44,1,117,84,5,85,110,13,111,38,471,251,983,243,50,91,278,63,104,69,123,373,21,12,456,86,12,162,87,152,14,2,28,131,60,12,53,198,1,91,127,20,16,13,1426,165,435,644,73,22,1162,156,317,436,20,52,298,17,48,877,168,77,4063,358,31,170,19,9,312,15,51,1221,408,108,34,221,35,378,694,255,43,19,100,115,2,35,895
78,1656,1025,103,198,3325,1093,3447,376,1997,1546,170,15,279,296,5067,764,19,2409,193,411,356,1254,362,484,4226,359,15,3409,216,373,131,402,260,630,753,283,30,498,265,609,469,82,399,260,84,70,1107,608,1231,1875,1489,142,14,797,1351,121,888,442,521,4282,557,516,51,1921,555,862,53,1396,17138,949,105,2640,189,109,3168,3700,1512,346,145,181,6947,44,3333,356,934,126,1653,52,2039,417,938,1513,129,73,1801,741,139,779,130,687,34,58,135,413,341,598,827,862,583,925,1533,27,240,103,6021,241,1917,481,1995,127,381,707,213,17,754,126,3057,1054,105,122,1261,574,164,191,201,786,749,393,1926,65,11,5794,443,1088,455,157,30,566,477,57
79,18,2,57,101,8,8,152,52,6,34,203,22,0,14,8,142,148,65,88,4,271,7,275,2,71,86,39,84,36,26,269,2,77,77,1,12,30,28,11,43,182,6,46,3,22,10,30,2,6,114,34,358,136,738,254,1,71,67,4,50,5,16,128,29,0,19,57,40,394,52,4,21,53,10,244,509,240,9,54,211,21,128,196,146,21,13,7,6,78,10,59,154,2,16,14,251,117,68,10,462,73,52,12,12,135,14,45,530,131,51,9,11,15,224,47,16,229,21,35,28,2,53,1,5,163,1,61,531,0,37,164,129,6,11,13,693,128,21,16,1,3,45,4,42,90,25,178,169,28,4
80,1847,158,422,887,2081,485,115,909,322,406,1790,58,797,306,1909,1654,114,1254,82,271,2218,34,310,37,1281,331,23,358,331,793,358,122,329,513,88,752,374,250,400,430,1318,257,393,80,115,83,229,56,260,120,329,262,215,768,3770,64,554,928,220,354,269,101,214,1491,297,154,300,184,101,634,137,464,285,149,435,1171,360,168,308,257,90,209,428,69,260,75,338,52,757,718,174,406,248,212,137,1006,294,105,25,158,15,1451,788,254,4422,119,39,101,539,328,399,282,1905,712,11484,154,362,1445,335,412,21,92,240,387,258,115,766,347,159,10,69,1088,304,1520,217,1049,330,98,406,167,65,836,8418,86,837,577,69,27,204,824
81,56,431,185,9,6,7,8,177,13,110,11,23,7,26,59,28,14,88,174,10,61,21,5,89,429,41,145,52,94,241,100,22,6,97,26,2,11,9,42,21,11,25,4,17,54,18,2,9,203,19,107,6,5,57,31,0,64,27,7,144,24,40,2,96,17,0,9,82,21,266,26,14,6,116,72,42,68,108,291,387,19,17,274,0,213,130,320,123,32,61,23,381,353,51,13,25,10,69,12,165,7,4,10,59,80,12,117,374,41,69,67,110,16,423,312,9,30,16,32,5,4,35,29,1,89,12,94,189,15,14,7,789,78,13,12,36,58,89,21,0,4,72,66,30,138,27,22,1,38,262
82,52,3,1,114,40,0,158,8,1,15,1653,0,1,5,9,73,19,875,5,5,24,10,1,258,2,9,4,13,2,3,130,2,0,7,459,0,43,84,81,408,114,18,13,3,16,21,1,3,72,9,5,28,15,0,62,6,95,1,5,2,37,26,2,3,6,152,8,0,38,17,2,40,9,15,2,23,14,6,326,2,2,173,0,114,83,1,3,119,104,26,225,2,4,5,2,3,0,10,8,5,0,42,101,7,8,0,3,185,13,46,73,0,63,8,12,49,7,13,449,23,9,0,2,12,29,6,624,22,67,3,41,8,75,8,15,43,150,340,152,0,60,0,492,9,13,132,4,6,8,54
83,7,88,3,279,300,3,3,164,3631,998,1974,347,29,652,268,270,143,316,355,1526,109,19,50,664,750,2,143,136,6207,26,9,77,1403,10,94,84,0,2843,1758,1892,82,20,909,109,11,22,10,151,331,2366,21,472,1319,16,1174,196,122,15,21,20,125,1195,92,98,283,2,19362,76,175,501,8,121,8,126,351,4005,126,71,51,904,145,4,1843,129,237,11,612,34,144,61,9,16420,5,10,252,267,166,73,6,487,7,6,6,11,241,12,21,7,0,7,159,116,2,193,96,10,95,59,3534,280,180,7051,4,326,49,41,8,133,13,11,131,117,142,51,1030,11,63,34,80,9,11,63,1157,116,76,541,88,205,4,669
84,391,507,40,27,197,350,108,97,491,900,104,5,565,1238,24,551,110,30,277,30,448,227,107,33,491,166,129,268,187,185,146,92,125,109,266,313,279,148,278,75,167,70,1088,42,294,176,46,7,45,38,19,36,65,373,103,13,124,11,158,104,556,10,85,54,45,186,349,64,164,103,76,27,123,37,352,106,92,666,72,15,279,4,175,491,24,89,29,132,39,273,32,15,17,26,149,211,18,517,34,1969,130,17,64,19,135,1,15,427,154,249,13,119,216,143,80,11,1166,12,3699,2245,16,198,91,38,32,63,5498,79,328,31,466,55,15,85,35,761,73,30,144,240,13,51,107,20,32,28,22,501,316,98
85,0,5,401,139,4,2,0,41,5,22,506,5,2,6,3,106,0,26,3,0,7,0,39,151,32,1,3,454,72,97,384,37,16,48,39,5,0,3,54,15,140,193,27,12,8,6,0,316,1,39,7,2375,41,8,7,19,132,38,5,0,0,2,24,93,2,64,25,110,2,145,6,4,1,12,28,28,983,5,22,7,45,73,20,5,7,2,1,742,0,0,4,10,0,35,8,20,4,14,3,37,58,61,0,480,2237,176,8,25,19,69,0,2,9,1476,10,18,7961,454,1333,49,161,2,4,79,10,6,11,7,23,12,0,1494,54,145,6,12,2,5,746,7,12,3,0,86,306,535,53,18,11,471
86,109,274,13,39,442,107,168,311,55,317,98,19,890,946,231,325,5,86,52,69,147,1100,307,2688,802,37,122,120,2763,590,332,374,486,41,77,41,50,696,207,343,297,117,70,234,1087,165,204,24,225,838,76,10,72,125,71,5,210,329,12,1428,45,184,51,115,8,194,476,1333,46,658,144,724,109,250,35,171,143,50,557,282,127,152,2916,720,443,101,418,73,592,263,190,44,205,4,16,146,14,93,19,44,7,49,40,9,28,28,103,545,102,160,85,51,85,30,936,14,381,41,1526,543,184,197,934,10,71,77,83,344,64,11,92,567,40,41,3828,2,20,94,176,30,107,222,725,129,115,46,357,45,66,1915
87,1335,123,10,596,2480,2389,17,250,94,2600,638,52,132,123,6257,195,134,564,20,471,149,737,359,1568,989,1041,37,133,29440,1527,13,8,148,1535,50,936,1601,54,6,404,883,15,75,25,16,14805,8,2334,16905,1830,29,197,15,30,3269,10,12,216,226,205,40,25,5876,14,87,1693,899,163,35,318,4044,2902,137,4409,9,347,1,1238,39,22,46,0,5852,20,30,152,2035,135,16072,166,42,367,16,593,308,17,1337,2,1,622,1161,643,44713,55,12693,5,20,21,100,29,74,26,820,33,268,50,11,109,6938,1992,36,100,30,27,32,29,160,34,33918,75,180,40,522,70,7,1575,182,67,9,163,1574,4,176,103,134,297,4260,1050,4423,4
88,10,625,3942,2500,883,136,3856,4575,1343,306,0,1946,119,23877,2143,1466,8,928,8660,1246,3476,110,3004,1,2569,1322,1512,54,157,720,225,124,127,132,54,67,740,727,12,1394,495,302,1478,824,2370,399,5063,341,1098,29129,889,112,4342,125,46,6,10198,357,12323,176,8303,27,62,113,196,719,14,70,6892,188,109,387,221,296,214,9001,19167,191,619,708,293,15,272,23,34,104,86,1933,10,7925,4,1229,35,2441,14862,348,16,2404,3,883,34,835,54,24,253,248,659,1802,1887,263,11833,7682,87,729,2048,79,670,618,246,3747,257,1537,69,61,966,419,952,88,255,154,317,1105,163,491,45,1428,317,152,272,37,57,78,65,33,12740,107,111,14642,5,113
89,65,589,496,106,863,25,518,219,150,13,94,4,188,2013,4,263,2474,806,4165,33,117,787,352,0,11,9630,1048,10603,413,90,11,5,33,9692,130,1,602,868,43,48,771,189,67,630,177,11,4378,79,19,123,131,59,7,14,113,36,6,201,2,4030,0,2,13042,36,85,372,104,1120,1238,46,2,294,2109,2544,417,2317,171,127,711,49,1371,5,162,96,6,2,77,1,300,1191,5027,147,495,269,2475,879,6,817,1,3683,65,7,49,33,5,123,7,1043,33,38,741,23,20,2512,128,98,14,219,1082,21,2557,11,31,203,34,7,43,1260,2,13,68,729,222,6,899,5754,31498,346,77,20868,62,16,664,87,41,127,3221,151,24,14
90,61,40,65,13,1809,19,100,69,368,24,34,1,78,20,879,49,6,128,567,13,3,89,5,17,386,54,36,81,0,54,9,608,17,131,9,204,1921,88,33,63,258,13,283,38,6,44,117,31,862,610,258,6,37,118,15,284,541,1053,14,87,8,34,148,44,33,10,13,45,9,6,163,56,101,170,311,28,584,67,10,11,13,168,281,186,70,214,78,35,36,8,107,8,54,27,63,85,4,28,12,127,156,6,103,575,68,50,121,14,130,26,150,9,115,1204,145,50,29,48,228,16,4,9,67,65,23,169,79,21,20,0,27,129,4,75,384,65,14,147,353,18,4,75,692,509,14,31,24,13,57,28
91,132,9457,377,29053,1697,239,114,172,5,298,274,97,331,112,868,4796,818,3517,364,59,72,190,1762,2859,2051,445,20,2523,403,151,11,1145,12,125,800,9925,355,164,44,522,1012,123,5577,140,254,15,44,5398,293,183,32,15371,346,787,388,3415,151,858,15,20,197,3,13,246,34,13,45,11,755,10755,30,313,39,136,4,247,742,1944,10401,724,226,615,1651,55,607,125,36,31226,506,2422,111,278,33,175,20,588,2500,78,11,2251,68,103,93,54,120,260,99,126,1441,470,1205,313,794,1069,207,69,692,2299,86,34,28,397,685,20,241,7,236,86,181,22,13,24,36,817,4,394,39,51,553,206,14,79,9,24,1153,14,23,620,107,12066
92,883,33,939,458,50,849,10,9,92,23,327,133,23,619,17,64,7713,149,1887,10,15269,108,44,17,39,0,26,1031,50,734,537,186,288,40,19,2725,1,150,335,241,94,2,124,8,409,9,23,81,4,51,2890,68,14,6,4,572,93,4,35,27,1638,11,127,2,11786,691,57,328,333,81,24,4,87,9,5,5042,598,17,1002,9,81,118,312,1,18,23,38,20009,20,23,2984,19,26,6,241,785,2,2393,117,6,3,40,52,6,194,34,480,350,408,1831,17,136,33,2,5102,42,4351,4250,14,144,7572,319,182,75,352,18,321,7,8,233,20,2004,41,209,179,37,24,3,55,24,16,225,12,96,921,65,70,0,115,31
93,3551,18,351,22,3195,2938,503,125,1634,1410,13,8,52,9,177,439,1782,311,6,63,5,69,2062,133,905,855,88,3140,1092,327,1616,171,140,1133,17,9782,1203,125,928,7376,26,372,381,31,28,0,24,1356,64,40,317,31,4,91,243,82,1107,953,84,48,79,65,70,353,5,99,28,8,16,9,57,856,5,614,863,31,4663,1247,3,419,19,11,301,5733,13,9594,95,25,625,176,1804,278,12,318,55,32,2,587,285,41,23,1678,2407,51,26,118,32,858,192,12412,68,16,6205,156,62,43,10795,22,2053,1063,28,1299,16,18950,381,25,0,22,40,39,2,330,3256,39,5,13441,66,639,949,619,1876,113,9,6569,225,608,57,493,1,987
94,32,175,288,26,268,19,61,379,171,244,1140,34,34,23,185,1666,54,17,391,14,22394,5,8,546,62,1136,27,35,11,40,105,150,12,105,164,46,226,7,20,86,64,125,29,424,4,37,26,11,429,26,180,66,591,143,47,44,12,73,250,80,1,69,41,131,3,153,10,51,50,251,1,231,11,25,39,88,99,97,2218,508,15,10,558,107,390,189,2,38,0,37,1668,2,1359,16,37,105,3,108,51,328,0,14,95,2459,320,55,200,223,43,53,174,367,165,2996,362,107,41,220,18,47,8,20,5,21,33,201,254,411,45,16,639,96,40,20,32,191,15,518,41,3,22,17,20,177,111,2798,193,42,2,919
95,107,268,229,17,273,405,529,138,511,306,456,27,54,224,197,334,35,266,31,29,234,298,93,97,406,37,62,139,144,193,68,228,28,864,100,69,101,241,171,236,803,79,134,62,84,229,70,137,17,150,164,52,199,103,359,174,241,53,54,72,62,42,511,294,68,23,184,56,69,154,52,1020,187,181,67,296,203,180,76,109,306,190,1372,56,121,53,83,108,151,94,671,550,108,95,251,209,23,412,10,269,19,80,61,120,72,44,208,219,329,233,162,182,495,238,413,51,183,59,123,161,38,162,25,246,132,788,124,196,71,7,91,39,59,75,301,107,305,57,165,74,37,699,96,30,231,136,80,58,56,122
96,5,15,552,501,1897,335,25,31,892,96,209,8,0,1,128,73,465,683,3,7,214,2,1246,1,165,15,58,401,6220,61,68,34,42,147,1,4,3,16,0,5,381,0,22,0,127,48,41,37,91,5,2060,1690,395,11,14020,130,44,13,3,23,0,14,1,0,8,89,10,93,20,0,4,1,107,13,93,391,126,957,20965,434,6,59,22,11,1340,55,626,11,0,121,88,335,137,0,0,632,302,7,2,1,6,184,55,33,51,6,15,367,16,96,1,54,383,3,4,311,5170,16395,507,17166,4,28,10,46,89,130,476,9,58,159,332,13,5,78,24,15,2068,1,1384,32,2,27,0,1,6,614,42,9,102,360
97,27,0,6,24,1017,5,282,3,406,137,158,0,1,2,854,142,25,27,3,10,188,7,36,13,20,4,2,1,3362,26,69,2,2,135,831,3,39,10,201,12,2239,469,2,8,1,236,8,15,16,160,1897,196,1,27,3,219,51,3,0,114,13,46,26,20,138,13,295,10,1,75,3,474,0,5,7060,11,41,234,9,202,15,4,76,12,9,6,160,4,10,41,27,22,196,14,138,8,0,538,7,277,1,32,15,116,554,3,18,466,118,94,546,0,26,17,48,210,21,85,128,96,1,11,0,449,17,7,1826,39,4,3,39,5,3,18,22,1816,11,1411,56,3,0,3,7,9,3,120,7,15,14,30
98,134,182,137,429,418,257,60,37,94,234,605,14,139,155,56,383,73,183,69,33,108,362,15,139,61,106,12,103,96,85,51,138,284,17,81,287,119,151,91,40,132,92,95,106,13,40,16,98,34,53,69,46,116,94,357,81,97,130,38,46,195,49,87,203,101,82,200,65,81,277,75,106,33,292,32,111,99,23,45,115,79,479,263,567,63,17,100,90,269,148,33,109,169,19,58,117,50,290,21,268,36,60,30,42,367,56,35,108,112,73,94,30,288,266,221,116,311,57,609,149,14,33,35,38,173,6,242,83,44,16,13,31,160,26,45,317,27,89,213,109,8,179,121,57,75,327,13,71,78,151
99,177,95,123,44,180,101,65,33,292,392,191,10,401,31,30,767,66,265,40,9,71,33,33,184,107,50,17,289,8,12,7,24,16,48,17,33,53,9,32,727,54,118,6,23,396,16,25,87,69,32,0,8,44,15,8,45,225,38,6,170,1,110,283,276,65,123,48,575,30,72,46,80,101,9,53,282,16,30,465,457,51,109,423,8,69,84,45,45,10,592,4,17,9,14,102,33,0,176,4,143,76,32,166,43,324,7,10,41,95,10,212,1410,16,252,100,7,2,10,21,64,36,12,2387,19,9,157,230,58,9,1,31,42,496,0,32,65,19,27,159,18,7,29,35,6,3,262,183,23,16,34
100,84,1,175,26,0,0,2,92,36,75,66,0,44,5,2,100,483,3,1,30,23,140,3,64,13,4,6,2,11,2,10,21,63,36,5,1,33,19,127,16,73,1,3748,8,1,9,373,38,8,2,6,257,1,9,89,38,1,37,0,173,0,9,110,17,123,5,0,0,61,12,1,19,31,1,27,0,28,847,58,12,17,4,11,393,1,433,28,8,1,2,42,84,9,5,4,45,37,13,0,9,1,10,77,139,0,147,2,384,181,0,0,2,4,85,125,2,610,0,21,4,2,6,3,3,9,14,155,9,41,1,22,10,23,10,140,763,153,54,7,42,343,1,1,28,46,33,181,7,138,7
101,837,34,152,72,89,7,1336,3997,1107,340,3331,11,558,87,1597,106,173,58,410,543,113,105,194,149,15,980,8,638,30,4718,1127,18,96,445,148,111,2397,120,130,78,4142,9,1110,2172,5,50,62,47,3425,759,1191,1943,48029,33,1642,77,21,7,1,1716,12,69,773,140,233,75,279,84,200,14,7,0,145,4841,7,273,308,129,315,241,9,348,1,40,27,523,17,1290,227,1283,234,770,298,647,2042,62,284,66,60,192,58,113,5,1972,458,47,88,1213,390,94,151,86,96,85,1619,41,11070,133,73,6941,10,432,25,302,388,1478,693,12,16,2,35,1005,28,131,206,193,2104,340,9837,103,2450,11,180,2400,148,33,260,23,315,362
102,86,265,91,311,496,154,24,491,50,65,46,3,78,156,47,64,45,52,13,7,30,5,19,10,108,22,55,52,44,26,55,89,32,24,224,10,93,2,6,132,101,60,24,32,28,11,68,68,8,282,25,9,124,1,80,15,60,30,18,29,6,105,11,7,5,26,0,31,28,39,24,54,97,288,40,79,5,119,117,3,52,13,151,32,214,46,10,71,50,16,26,69,29,4,14,328,102,401,9,37,10,17,23,12,104,54,9,110,40,18,42,18,19,68,166,32,120,20,22,404,3,80,638,42,11,7,89,10,5,4,111,48,78,54,185,51,26,31,184,61,63,59,25,15,71,71,25,26,44,98
103,0,525,1787,20,4,32,661,74,9,160,380,437,10,646,19,94,137,274,682,1153,9,37,11,19,21,242,7,57,8375,1838,35,261,5,5,5,1026,104,54,64,763,57,0,95,144,1,40,19,13,91,4,23,206,315,11,13,154,0,58,38,28,6,29,55,2,9,9,70,101,1,20,7,111,506,61,1301,66,179,11,18,13,22,79,44,39,72,851,36789,17,2,13,920,1111,7,24,538,24,2,32,1,231,175,1,5856,10,3,528,21,60,4981,4441,113,124,570,16,79,24,960,57,528,52,2,163,27741,58,239,2039,109,3,3,1,21,15,302,0,333,13,59,16,724,10,7,29,1231,2127,332,822,1,7,23,1483
104,74,79,89,17,305,5,54,2,18,1,8,18,192,34,5,12,8,54,22,53,14,414,132,8,36,23,3,6,17,38,10,2,12,40,0,217,5,339,2,21,33,30,72,3,0,47,1,11,114,0,27,7,0,20,104,0,144,1,1,2,9,389,9,637,1,47,17,35,31,46,5,63,2,9,3,10,2,6,3,1,6,74,21,2,11,5,54,1,7,3,1,207,20,19,3,18,62,1,42,29,120,37,0,3,7,7,48,110,30,0,1,7,0,66,24,2,6,1,22,0,6,0,18,3,12,4,3,29,16,22,5,8,25,8,46,23,39,41,13,2,15,261,45,8,1,54,17,4,12,367
105,89,37,31,14,17,12,4,32,26,54,143,3,91,17,7,22,15,41,22,5,119,67,21,17,36,10,4,150,7,33,57,29,15,29,35,18,47,6,2,16,80,36,93,48,10,126,23,45,38,9,24,98,12,11,7,1,23,136,3,0,27,36,25,0,49,96,181,23,101,27,74,35,6,47,14,27,24,3,72,64,7,42,128,13,42,41,19,229,37,12,38,109,5,15,50,16,1,21,3,52,25,10,0,288,21,3,40,36,54,354,13,47,98,6,15,51,21,9,39,55,15,84,28,16,21,19,26,9,1,0,50,23,29,1,60,20,19,6,334,24,7,68,15,13,183,175,23,8,10,22
106,52,5,1871,23,26,66,44,134,72,22,40,9,7,71,7,1,11,7,66,37,44,46,67,18,145,140,12,225,92,831,106,41,18,6245,117,49,28,68,31,138,60,80,36,10,104,8,69,42,79,540,250,5,277,107,165,3,75,53,147,30,7,1360,8,428,31,28,44,8,345,511,81,8,17,427,58,66,76,385,151,18,105,26,152,985,19,382,81,107,1,17,23,351,8,39,5,53,9,11,13,36,48,16,120,40,429,100,57,29,159,380,40,9,4,1373,59,15,253,3,25,98,98,68,83,60,142,18,666,2,1102,4,28,25,5,11,5,79,35,16,236,11,8,10,60,73,33,71,5,102,0,143
107,319,1561,3483,3996,134,1017,4144,320,1487,4701,8,33,262,679,3,1212,404,320,6175,10,292,686,48,264,885,105,28,545,24,192,833,59,15,9706,15437,411,552,408,489,732,2620,388,994,836,427,2007,1191,9,233,30,1540,587,124,5673,257,6,134,251,301,38,2241,130,2048,320,646,7149,2902,17,24161,7044,0,171,9,1220,7736,20,1431,47,2517,103,911,13810,362,1840,2614,76,296,49,178,82,3457,65,415,94,28784,6,150,56,9,1032,130,854,1944,248,156,39,5272,4684,377,115,936,192,19,573,21,46,535,243,12337,16,459,1771,113,157,722,45,3512,476,129,65820,285,1691,1128,4687,159,182,7397,2141,269,28,5,269,23478,4455,669,8998,32,157,70,112
108,441,18,3155,264,1553,918,74,91,2364,2122,12116,356,442,1125,4550,13086,302,236,569,516,1070,1562,405,190,177,505,203,479,2829,3163,1227,1104,106,74,79,335,131,246,357,343,116,18,541,347,955,492,334,477,596,5250,2424,1090,186,2909,705,110,8692,83,951,1215,102,879,16,14731,961,454,72,3176,576,127,621,960,754,910,908,492,2064,1035,661,1814,1363,1643,1482,1564,1007,4576,582,644,521,259,222,237,236,332,901,5250,73,1357,186,527,85,238,1020,69,997,72,541,2286,159,1022,309,189,205,629,919,2809,2638,104,3823,550,214,368,1255,89,2052,2999,711,1166,244,21,650,9981,6565,55,193,1822,521,358,221,272,97,13327,1589,374,166,733,589,327,8068,2681
109,33,440,138,160,168,207,21,180,37,204,993,19,48,33,825,60,84,21,52,14,17,1188,14,15,775,427,3,421,262,1657,74,135,88,172,12,5,6,14,45,770,360,13,98,228,49,9,33,47,84,53,136,187,64,144,514,84,54,352,55,18,14,355,56,208,3,18,858,66,11,7,36,544,264,21,407,5,31,7,159,740,309,11,314,65,28,394,35,148,282,149,27,12,35,45,76,89,0,678,110,1096,563,76,119,51,632,9,11,141,111,639,15,91,6,126,87,376,87,500,74,160,9,45,6,63,339,22,401,122,0,13,85,591,4,8,154,196,587,318,201,117,90,173,453,252,67,13,798,274,51,105
110,61,689,655,132,498,115,362,2437,269,563,18,6,15,81,143,888,11,229,504,142,230,5,17312,1,4529,91,47,432,260,1089,88,1252,25,3335,30,22,158,29,67,152,49,2,1000,90,199,104,21,22,116,77,173,682,101,7,13,256,14,10359,77,86,57,2299,21,330,12,10,115,820,628,173,309,23,19,100,203,379,128,45,627,2751,24,431,607,6,7,866,51,857,18,1671,168,4701,187,714,1,10,21,17,4,101,25,235,3,294,64,9,129,191,692,111,2,28,24,146,1258,11,199,154,71,160,106,1135,64,124,163,27,886,107,15,10,0,3927,518,61,110,1097,60,4,680,17,5,7,65,153,12,1292,60,0,155,69
111,2,163,28,329,398,2,3,107,7,7,3351,5,189,478,259,10,548,156,19,1148,54,2030,4,106,265,1,1,314,59,3,179,0,22,51,2,6,3,78,54,5071,113,18,6,23,97,1,0,127,331,1,11,31,0,22,1062,117,41,76,6,125,223,66,4,112,5,159,71,22,89,8,30,19,21,108,378,73,4,119,90,54,158,2,27,3,4,149,186,2,19,0,0,156,34,1,5,1,329,0,1,239,17,0,2,147,36,152,4,8,9,1,2,4,28,245,51,2,5,387,230,11,7,16,3,6,16,0,9,0,8,11,4,659,11,165,104,29,83,15,29,5,0,1,9,4,1,28,139,129,2,1819
112,617,267,1373,8650,949,1324,1964,9512,465,1109,1148,196,449,946,181,1007,5650,704,337,162,403,1278,142,184,8791,100,129,135,862,1403,319,1643,690,632,473,1164,523,799,68,182,1173,292,2734,524,1564,842,28,298,1134,498,2745,690,2661,392,420,99,507,245,423,494,2837,374,1763,907,146,1066,221,78,23,2409,185,424,682,1257,655,5269,1162,808,79,1579,368,413,1282,535,676,147,322,2188,453,86,38,1854,1341,236,167,1906,1046,488,65,85,160,243,44,1008,2115,969,586,1380,436,2684,616,430,1050,626,382,107,2010,450,2772,478,201,460,607,4746,1007,227,1794,1205,433,64,631,1849,68,98,681,619,1451,421,511,136,72,409,646,262,46,179,72,1014,579,708
113,86,74,6,35,71,3,513,293,153,12,7,4,595,4,24,38,11,0,0,3,190,3,0,600,13,0,29,2,3,47,0,22,21,21,3,3,2,11,53,24,183,125,79,5360,59,11,43,2,35,373,25,8,6,185,38,14,14,32,42,192,7,1874,2,1167,88,3,37,97,28,16,0,368,35,4,27,40,25,46,2,4,333,14,1549,79,202,0,1,4,22,64,20,1934,38,1,102,29,57,101,3,58,41,8257,30,6,70,0,9,2,50,82,255,2,14,4,25,27,144,4,405,10,6,553,112,20,28,1,964,13,7,63,328,1,547,694,7,0,0,108,21,1,36,0,2,6,8,45,2,12018,0,11
114,132,10,69,369,71,852,529,66,161,11,59,3,8,17,8,133,10,67,7,18,33,12,18,10,1282,73,17,179,560,0,63,53,51,107,227,82,19,12,32,42,325,2,10,44,55,18,149,88,25,39,29,10,19,175,5,159,65,345,7,35,603,70,27,64,7,1,62,54,213,3,65,150,14,13,5,159,30,4,96,212,199,109,756,54,17,43,29,5,189,25,98,111,199,48,197,90,58,49,0,214,20,35,3,64,14,18,1,4,518,228,7,377,66,92,24,147,380,84,79,81,33,125,27,3,109,21,106,200,1,12,247,152,602,3,15,498,1,482,42,1,4,17,450,32,129,80,7,69,24,24
115,3126,134,0,149,6,234,1548,12,11979,2740,68,392,86,17,291,2109,42,372,115,593,2755,2936,216,8,382,11,138,91,9642,1575,6714,693,14496,742,779,72,51,2076,16882,5369,2304,1813,353,18465,57,214,364,3123,8793,15760,589,11928,885,202,178,19155,72,283,58573,2798,86,9,227,922,23795,7,25394,54,76,1870,7,5139,27,446,37,10075,881,10498,18,8614,1280,911,760,68,159,41,164,702,11,612,2,1092,29,55344,30,81,953,44,2220,1579,2,95,284,4566,136,6858,78,520,4046,463,1949,186,22,369,45,449,6567,38374,811,8860,404,684,28,196,9783,170,321,261,17456,1368,14403,25,5,336,62,414,16,353,108,4774,63458,44,2922,66,545,348,3,518,1786,5
116,48,48,352,17,160,130,231,758,373,65,161,15,52,25,150,209,25,49,64,27,73,94,10,58,199,127,37,252,27,145,71,137,38,23,226,109,34,15,16,132,145,62,20,42,33,108,69,29,84,29,13,28,16,50,146,33,143,20,22,16,21,75,52,133,17,15,53,47,38,46,17,130,47,89,46,49,228,111,37,140,52,87,132,51,56,61,28,119,104,70,81,12,97,9,99,123,43,51,17,53,14,5,23,104,25,22,68,28,71,93,118,44,40,99,141,123,73,5,274,107,5,178,26,23,158,30,89,169,9,10,145,70,75,21,127,80,106,56,191,17,34,376,19,43,22,182,125,133,3,218
117,905,327,1913,311,2634,14,74,366,4986,2977,2076,8,130,317,741,285,3328,29,522,85,8303,78,118,88,353,2304,766,244,83,562,201,275,130,932,124,139,327,26133,262,216,359,692,322,1313,40,146,282,143,16,32,921,5,20,95,111,2183,2,33,4,170,38,47,237,474,171,2180,106,18297,230,273,181,658,25,12,1861,65,510,36,195,286,629,3928,139,67,51,1222,221,320,1118,1803,101,183,226,41,1188,2,19840,108,6,991,27,120,295,413,528,66,99,581,190,136,1709,740,34,830,129,3904,515,6,1716,6,21,417,381,658,9116,2334,96,386,229,4,71,23936,1519,73,145,675,583,21,494,590,11,74,442,214,27,2909,6,119,243,397
118,131,3,5,405,332,115,349,564,27,24,799,18,765,687,537,1128,2,16,171,303,1,77,808,71,7155,233,4266,0,21,9,18,52129,3275,3321,9,31,250,405,10,3338,97,3,2,120,23227,853,1,893,167,15,560,25,663,11638,79,790,771,203,274,840,9443,46,212,361,214,648,100,909,19253,41,0,3,8202,5934,36,17,1636,75,182,0,14,118,2091,9276,4,1413,80,13,933,838,4,368,406,43,3,15929,149,233,0,2,1,4929,6,2,889,316,7957,392,398,155,4,1,13489,16951,252,7,440,962,25,6,6,5924,589,2,2436,170,2,40,11,1371,449,1750,63,158,657,0,7,943,2,0,273,4453,23,53,65,29,263,1915,0,41
119,139,32,64,466,384,29,259,57,156,60,150,11,83,91,14,138,45,258,164,53,26,42,21,225,6,85,68,363,227,90,16,5,77,512,210,19,64,14,59,21,53,323,34,39,35,56,23,75,93,42,86,24,8,208,118,45,82,3,23,237,50,312,41,348,14,30,52,63,207,118,62,113,7,60,30,173,29,19,26,545,54,82,1455,481,7,272,25,10,168,34,296,24,29,73,153,170,289,32,6,26,12,61,6,23,62,15,43,328,52,84,58,44,43,98,457,34,113,45,34,147,14,26,9,48,82,7,231,95,3,16,19,406,172,121,136,101,58,45,619,66,262,46,71,237,58,66,175,24,30,110
120,288,66,748,6899,325,4513,810,897,242,547,861,155,1673,333,937,6469,178,447,101,2981,3977,8,8240,8,621,7687,12,268,1269,154,25496,1669,158,123,234,733,137,127,170,26,120,241,191,244,1,470,91,1445,512,252,7587,26,1186,15814,13,550,267,4,207,1959,16,17,20068,19,3,56,407,12609,8,20,66,90,771,959,1430,2950,24100,3689,455,1490,122,199,103,126,16,29,185,2383,436,319,2449,559,57,813,44,119,27,424,74271,51,69,117,46,883,107,42,7,58,279,390,316,453,147,162,125,453,1740,38,9219,3296,226,5628,114,139,424,33,189,1371,149,5348,732,72,3123,11,23,1833,42,55360,591,4467,10,108,101,1217,34,811,735,15,36742,10031
121,71,335,71,4208,610,36,47,45,49,673,1604,47,42,54,15,172,42,493,88,17,131,20,526,13,823,6000,127,176,4556,140,976,87,2126,45,199,234,14,8270,413,2090,465,1087,201,38,18,410,166,31,28,323,61,58,223,61,282,17,132,10,21,32,894,1340,20,697,37,29,45,260,32,6219,72,19893,49,92,111,72,549,614,375,65,135,1265,75,893,1284,266,33,723,36,360,72,48,189,436,2981,4448,31,264,2406,120,5,0,535,117,156,7947,45,37,414,239,1137,310,3943,809,1324,194,476,50,216,1227,160,204,4954,85,148,45,194,883,228,1290,12066,3581,171,97,199,3892,91,120,858,52,402,294,99,325,13,1342,90,154,3,31
122,139,94,5,27,4,25,38,13,1,2,3,8,1,1039,46,30,333,102,36,5,717,2,1,17,94,2,6,25,7,27,0,24,20,8,14,6,5,30,9,505,21,18,3,2,7,292,13,3,3,12,0,6,2,31,270,1,563,18,1,166,0,7,76,6885,1,0,77,4,136,0,1,513,3,58,5,145,9,0,11,4,160,16,1,3,9,13,20,68,1,7,4,5,0,10,54,2208,1,0,0,55,0,17,5,8,135,2,7,0,0,23,194,4,124,0,143,1,0,4,8,10,51,1,853,107,12,1,33,41,2,4,810,133,4,861,692,40,9,6,6,20,771,71,1,4,51,8,18,5,49,139
