,Fieldnr,code,Dominant,Evenness,Drought,Block,Sampling,Ao,Dg,Lh,Ra,Moist,Resp,NEE,Photo,CH4,N2O,X16S_ngDNA,nirS_ngDNA,nirK_ngDNA,nosZI_ngDNA,nosZII_ngDNA,AOA_ngDNA,AOB_ngDNA
A01A,1,DMD,Dactylis,Medium,1,1,1,20.48,11.75,0.85,1.62,23.33333333,190.9090909,-427.4623787,-618.3714696,-0.003199273,-0.002085617,994500,1002.4,5570,9574,560.7353529,1734.265734,1322.307861
A01B,1,DMD,Dactylis,Medium,1,1,2,NA,NA,NA,NA,2.366666667,105.3936478,6.83865508,-98.55499275,-0.016343891,0.000929521,800500,2332,12702,13652,568.8,340.7352941,522.0588235
A01C,1,DMD,Dactylis,Medium,1,1,3,NA,NA,NA,NA,24.76666667,342.3316699,-131.3480222,-473.6796921,-0.00855846,0.001888283,1084000,698.2,11500,21180,931.2,512.8695652,1634.086957
A01D,17,ALC,Anthox,Low,0,1,4,43.45,2.19,1.19,0.11,36.13333333,79.85667539,-304.3527711,-384.2094465,-0.009362298,0.007742318,425300,455.2,12962,25800,431.4,808.4123223,2089.57346
A02A,9,RLC,Rumex,Low,0,1,1,22.18,3.7,0.23,3.8,26.06666667,265.4813025,-493.2350428,-758.7163454,-0.035289177,-0.009975571,785400,788.6,4866,7690,665.6011166,1576.425856,1210.369962
A02B,9,RLC,Rumex,Low,0,1,2,NA,NA,NA,NA,21.13333333,283.98158,-296.5893567,-580.5709367,-0.047932612,0.005655726,660100,1024,7218,8928,691,441.3391557,1122.998544
A02C,9,RLC,Rumex,Low,0,1,3,NA,NA,NA,NA,31.83333333,384.1738348,-366.7028504,-750.8766852,-0.028328356,-0.005481051,820900,1539.2,16434,24800,792.6,598.3263598,2930.125523
A02D,25,RLD,Rumex,Low,1,2,4,15.17,22.79,1.23,0.75,33.56666667,162.2847645,-55.23681567,-217.5215802,-0.019275977,0.008920364,326600,217,4730,14174,674.4,1964.611872,12567.80822
A03A,17,ALC,Anthox,Low,0,1,1,53.49,1.2,0.21,1.22,23.5,335.5237904,-528.3515602,-863.8753506,-0.021056084,-0.009743836,612700,474.2,4746,9872,626.963885,1466.832918,808.3371781
A03B,18,DLC,Dactylis,Low,0,1,2,NA,NA,NA,NA,24.1,470.442483,-541.4396522,-1011.882135,-0.048620931,-0.00260332,544400,662.2,5516,7486,588,652.5150905,2242.052314
A03C,18,DLC,Dactylis,Low,0,1,3,NA,NA,NA,NA,32.46666667,382.2028592,-496.318107,-878.5209662,-0.024822415,0.002687189,623300,2092,10880,21920,607.4,571.474359,3538.782051
A03D,33,LLD,Leontodon,Low,1,2,4,13.03,30.51,8.92,0,34.93333333,83.79027333,-126.4190103,-210.2092836,-0.052150468,-0.009136032,357000,276.4,5978,13756,764,1229.319372,8481.675393
A04A,25,RLD,Rumex,Low,1,2,1,19.53,2.99,0.3,4.93,28.93333333,166.9629336,-529.7406234,-696.703557,-0.018354112,0.00476831,911300,706,5704,8414,811.0057192,1542.882562,1402.421248
A04B,25,RLD,Rumex,Low,1,2,2,NA,NA,NA,NA,4.066666667,36.11852066,56.5649756,20.44645494,0.003699176,0.006751681,687000,582.2,5766,7162,1017.4,626.4423077,2371.634615
A04C,25,RLD,Rumex,Low,1,2,3,NA,NA,NA,NA,31.13333333,311.43214,-55.43647195,-366.868612,-0.432069588,0.012225406,777700,639.6,7274,20040,1404.6,1153.191489,10724.8227
A04D,41,DLC ,Dactylis,Low,0,3,4,9.19,27.27,1.26,0.5,37.46666667,120.8959852,-166.8671234,-287.7631087,-0.018764941,0.007768887,447000,322,12304,25880,409,496.2861073,6486.9326
A05A,33,LLD,Leontodon,Low,1,2,1,22.8,6.48,6.13,3.65,NA,NA,NA,NA,NA,NA,803700,388,3500,6430,701.3612897,1168.958333,626.5007324
A05B,33,LLD,Leontodon,Low,1,2,2,NA,NA,NA,NA,5.7,123.4341624,112.6597188,-10.77444355,NA,NA,664400,784,6702,8094,1539.4,604.4736842,1691.447368
A05C,33,LLD,Leontodon,Low,1,2,3,NA,NA,NA,NA,28.56666667,444.6459735,-35.33129043,-479.9772639,-0.021870712,0.016256887,739300,645.8,8228,17586,1273.8,671.8411552,1129.241877
A05D,49,DLD,Dactylis,Low,1,3,4,4.35,47.82,0.04,0.04,22.86666667,74.45299058,-80.58686618,-155.0398568,-0.01259164,-0.000805355,385400,649.2,9850,18822,645.4,1083.278689,3177.540984
A06A,41,DLC ,Dactylis,Low,0,3,1,17.17,14.05,0.26,2.55,24.96666667,397.7288303,-528.5895799,-926.3184102,-0.033766082,0.001299097,988400,676.4,5022,7352,833.7292224,1249.784483,1058.35016
A06B,41,DLC ,Dactylis,Low,0,3,2,NA,NA,NA,NA,24.23333333,312.6217549,-629.0382503,-941.6600052,-0.033532222,0.004119073,829300,1963.8,11752,13000,513.2,450.2173913,1146.521739
A06C,41,DLC ,Dactylis,Low,0,3,3,NA,NA,NA,NA,37.9,384.291281,-773.4627775,-1157.754058,-0.064848306,0.01349577,898600,669,19250,34780,827.4,411.5217391,3799.782609
A06D,57,DMC,Dactylis,Medium,0,4,4,17.35,23.04,1.31,0.7,35.4,108.2484934,-150.6058355,-258.8543288,0.007027332,-0.001020034,470200,125.3,6318,15858,256.8,614.8362235,2832.369942
A07A,49,DLD,Dactylis,Low,1,3,1,6.43,20.59,0.22,0.98,25.3,518.5342376,-1069.7793,-1588.313537,-0.029447885,0.015085561,683100,283.4,2448,4300,982.1017041,1257.070707,2829.875579
A07B,49,DLD,Dactylis,Low,1,3,2,NA,NA,NA,NA,4.633333333,161.9565116,-2.484812232,-164.4413238,-0.048614567,0.006224001,624400,872.8,7258,10096,1666.8,406.6037736,696.5408805
A07C,8,LLC,Leontodon,Low,0,1,4,16.48,9.24,8.2,0.35,34.06666667,101.4456898,-123.5321339,-224.9778237,0.011581893,-0.000668893,294200,402.6,7986,16086,577.2,1014.864865,8781.418919
A07D,65,AMC,Anthox,Medium,0,4,4,30.71,10.15,2.53,0.41,36.16666667,10.00013234,-56.41479464,-66.41492698,-0.022398493,-0.005364955,524800,525,22720,35860,477.4,592.3774955,2835.3902
A08A,57,DMC,Dactylis,Medium,0,4,1,27.48,14.49,0.32,2.78,24.63333333,337.6140161,-320.7116536,-658.3256697,-0.009719202,-0.010689207,517300,206,1790.8,3978,483.2696634,1793.453725,1546.275395
A08B,57,DMC,Dactylis,Medium,0,4,2,NA,NA,NA,NA,19.7,506.1733319,-450.6727652,-956.8460971,-0.025670065,-0.017805807,681200,675.4,8490,8362,418.4,257.7299413,713.5029354
A08C,16,AMC,Anthox,Medium,0,1,4,33.54,8.55,2.47,0.3,34.73333333,144.7708623,-316.4008589,-461.1717211,-0.016234972,-0.001829596,360400,451.4,12938,27600,601.8,413.877551,4668.367347
A09B,65,AMC,Anthox,Medium,0,4,2,NA,NA,NA,NA,18.73333333,371.1516167,-20.8720057,-392.0236224,-0.028275616,-0.008158031,700000,1293.2,9408,12568,400,338.6727689,1117.84897
A09C,49,DLD,Dactylis,Low,1,3,3,NA,NA,NA,NA,28.9,514.5263003,-128.7739361,-643.3002364,0.014932045,0.016987716,699300,691.8,5920,13974,710,1144.08284,4247.928994
A10C,57,DMC,Dactylis,Medium,0,4,3,NA,NA,NA,NA,36.36666667,400.6300085,-438.1112404,-838.7412489,-0.038703013,-0.007595537,842000,415.8,8188,18902,365.6,351.3761468,2680.733945
A11C,65,AMC,Anthox,Medium,0,4,3,NA,NA,NA,NA,32.3,400.0133015,-117.7983114,-517.8116129,-0.043078084,-0.001229983,1146800,482,21020,33900,612.4,424.1935484,1879.032258
B01A,2,ALD,Anthox,Low,1,1,1,39.77,0.31,0.3,0.54,23.13333333,160.9090909,-448.4813229,-609.3904138,-0.064967205,-0.001897087,814500,712.4,4674,11766,412.1159991,1291.506849,2582.252156
B01B,2,ALD,Anthox,Low,1,1,2,NA,NA,NA,NA,2.5,174.0179947,23.93529278,-150.0827019,0.002160276,-0.004507619,517600,775.4,7296,8266,956.6,551.6546763,3244.604317
B01C,2,ALD,Anthox,Low,1,1,3,NA,NA,NA,NA,27.2,376.0111729,-126.3704507,-502.3816236,-0.260028147,-0.004397674,687500,789.2,8540,19784,734.6,829.0960452,2315.960452
B01D,18,DLC,Dactylis,Low,0,1,4,9.17,30.66,1.29,0.08,34.9,108.37164,-244.5010466,-352.8726866,0.005564181,-0.002322474,403600,636.6,13796,27020,313.4,1166.169154,18763.51575
B02A,10,DLD,Dactylis,Low,1,1,1,9.66,17.9,0.29,0.86,23.73333333,194.8795723,-462.310167,-657.1897393,-0.044837004,0.011485167,638200,329,2270,5452,661.4194411,1235.698448,1064.015652
B02B,10,DLD,Dactylis,Low,1,1,2,NA,NA,NA,NA,2.7,46.76791835,32.91102757,-13.85689078,-0.03193262,-0.006963802,556600,1163.2,8266,9162,967.6,548.9964581,2351.357733
B02C,10,DLD,Dactylis,Low,1,1,3,NA,NA,NA,NA,28.83333333,375.1346743,-106.7691591,-481.9038334,-0.02215907,0.016540035,1034400,457.6,20440,42360,662.2,1026.680244,3750.916497
B02D,26,ALD,Anthox,Low,1,2,4,32,9.36,1.15,0.13,29.63333333,107.8938328,-48.50341453,-156.3972473,-0.007464315,0.006307368,437400,278.8,7352,22120,307.6,1409.558824,16940.44118
B03A,18,DLC,Dactylis,Low,0,1,1,2.44,21.76,0.09,0.77,23.83333333,128.865149,-339.7130527,-468.5782017,-0.053710638,0.003699112,957400,467.4,5286,9060,641.8493205,1665.714286,1244.842732
B03B,17,ALC,Anthox,Low,0,1,2,NA,NA,NA,NA,19.96666667,460.5415119,-322.0018436,-782.5433555,-0.030312204,-0.028640467,319900,663.4,4632,5976,418.2,312.9783694,426.1231281
B03C,17,ALC,Anthox,Low,0,1,3,NA,NA,NA,NA,34.7,323.1189971,-142.6772759,-465.796273,-0.038219341,0.013926211,713000,774.8,9192,16256,671,406.7924528,3741.132075
B03D,34,RMD,Rumex,Medium,1,2,4,20.27,37.09,0.58,0.11,29.33333333,173.4824322,-119.7478097,-293.230242,-0.022762627,-0.006679749,409100,322.4,12640,23880,593.8,1058.935361,8805.703422
B04A,26,ALD,Anthox,Low,1,2,1,57.27,1.83,0.27,0.98,23.3,210.9420617,-578.2306919,-789.1727536,-0.023773612,-0.002278272,876200,599.4,4866,8254,532.5595294,1551.22549,1253.219375
B04B,26,ALD,Anthox,Low,1,2,2,NA,NA,NA,NA,4.9,84.51911322,10.11673552,-74.4023777,-0.001477751,-0.002237485,568900,493.8,6052,7450,932.2,258.677686,4544.958678
B04C,26,ALD,Anthox,Low,1,2,3,NA,NA,NA,NA,30.7,305.3452795,-206.2968931,-511.6421726,NA,NA,874400,319.2,13178,21040,523.4,246.0773481,2187.845304
B04D,42,RLC,Rumex,Low,0,3,4,21.29,7.5,1.85,0.95,40.33333333,125.9168084,-279.4553909,-405.3721993,0.009782382,-0.012517042,456300,319.4,17968,29440,453,535.8585859,4928.619529
B05A,34,RMD,Rumex,Medium,1,2,1,20.09,8.79,0.68,5.22,25.4,216.6071889,-493.6229021,-710.230091,-0.057144631,-0.003475248,1037700,890.2,6014,8706,576.8260126,1217.435897,1209.324496
B05B,34,RMD,Rumex,Medium,1,2,2,NA,NA,NA,NA,2.8,118.4450896,79.5884103,-38.85667935,0.007132143,0.003091815,750000,1191.2,6628,8034,1427.2,322.6206897,2833.655172
B05C,34,RMD,Rumex,Medium,1,2,3,NA,NA,NA,NA,28.1,498.4492932,-108.1311911,-606.5804844,-0.030348091,0.025474149,904200,1295,11848,21100,855.8,89.82630273,3492.555831
B05D,50,RMC,Rumex,Medium,0,3,4,16.11,10.02,1.59,0.2,36.96666667,68.5525189,-285.0864618,-353.6389807,0.006724326,0.016309702,461500,444,20320,28360,179.36,452.7102804,4082.616822
B06A,42,RLC,Rumex,Low,0,3,1,24.63,3.21,0.79,5.1,27.56666667,300.6594702,-456.1272205,-756.7866907,-0.019717139,0.024216196,1156700,989.4,6126,9026,585.2308372,1419.282511,1039.334867
B06B,42,RLC,Rumex,Low,0,3,2,NA,NA,NA,NA,20.56666667,347.3380764,-216.0765679,-563.4146443,-0.043935878,0.005559793,850700,1697.8,12032,15512,713.2,374.1758242,1897.93956
B06C,1,DMD,Dactylis,Medium,1,1,4,8.05,29.88,0.38,0.03,31.83333333,77.54261584,-106.6039183,-184.1465341,-0.014091623,0.000993284,429700,2886,17730,33160,1112.8,1314.008621,9735.560345
B06D,58,LLC,Leontodon,Low,0,4,4,17.95,7.58,11.78,0.23,31.63333333,54.64991271,-100.7340729,-155.3839856,-0.007978598,-0.001842215,399700,466.4,11522,21880,596,578.2407407,2299.768519
B07A,50,RMC,Rumex,Medium,0,3,1,28.02,5.19,1.15,3.8,29.6,442.8479577,-440.4197734,-883.2677311,-0.055289614,-0.001889647,876000,815,5316,8360,541.3114125,1681.182796,578.4812052
B07B,50,RMC,Rumex,Medium,0,3,2,NA,NA,NA,NA,19.63333333,385.9456434,-238.8791988,-624.8248422,-0.035830471,-0.008252503,777300,1444.2,9302,11062,592.4,270.8987161,1844.079886
B07C,9,RLC,Rumex,Low,0,1,4,24.05,15.1,1.56,0.71,31.53333333,126.1889676,-247.0642678,-373.2532354,-0.005499607,-0.001058048,422600,367.4,14330,28420,967.8,769.8461538,5819.076923
B07D,66,HC,None,High,0,4,4,25.68,12.6,3.41,0.61,31.13333333,87.65563091,-117.252027,-204.907658,-0.037945912,-0.014229623,437900,164.3,12360,19690,259.8,587.4485597,2665.63786
B08A,58,LLC,Leontodon,Low,0,4,1,34.05,4.86,4.73,3.82,25.73333333,268.5916637,-612.2983171,-880.8899808,-0.043627862,0.003855722,815800,653.8,4900,7932,656.8087778,1224.693878,1267.755102
B08B,58,LLC,Leontodon,Low,0,4,2,NA,NA,NA,NA,17.8,794.2131787,-545.6157335,-1339.828912,-0.04109437,0.004722027,504700,895.6,6710,9414,557.2,451.1111111,895.3968254
B08C,42,RLC,Rumex,Low,0,3,3,NA,NA,NA,NA,36.06666667,350.7708424,-169.9611567,-520.731999,-0.033019239,0.00424183,902700,1216.6,23360,32040,658.4,614.2180095,2629.85782
B09A,66,HC,None,High,0,4,1,38.01,4.89,0.82,3.88,26.63333333,130.1936371,-510.7209078,-640.9145449,-0.043543985,0.005486859,807400,369.2,5258,7194,609.6798809,1619.423077,940.3846154
B09B,66,HC,None,High,0,4,2,NA,NA,NA,NA,17.86666667,436.5605174,33.5379237,-403.0225937,-0.010782991,0.014471142,622500,740.6,5920,9804,290.8,287.0159453,780.6378132
B09C,50,RMC,Rumex,Medium,0,3,3,NA,NA,NA,NA,35.8,370.423201,-84.16296539,-454.5861664,-0.042785635,-0.008527207,719700,1760.8,7824,19470,791.8,563.5792779,3275.039246
B10C,58,LLC,Leontodon,Low,0,4,3,NA,NA,NA,NA,35.6,454.8032218,-85.61344104,-540.4166628,-0.049539203,0.006848496,732100,585,10954,21680,669.2,390.4024768,6427.55418
B11C,66,HC,None,High,0,4,3,NA,NA,NA,NA,34.33333333,478.5524754,-170.1412427,-648.6937181,-0.013583597,0.002183268,1086400,240,13828,25860,409.8,353.4050179,4215.949821
C01A,3,RLD,Rumex,Low,1,1,1,21.04,1.97,0.25,4.23,26.5,117.2727273,-432.3280732,-549.6008005,-0.007195021,0.001771496,1200000,784.4,6786,10334,461.4171451,1479.573171,1326.336761
C01B,3,RLD,Rumex,Low,1,1,2,NA,NA,NA,NA,3.4,80.2199877,10.4360726,-69.7839151,0.005117051,0.00939247,771600,1221.8,10256,13280,847.4,823.8442822,3825.060827
C01C,3,RLD,Rumex,Low,1,1,3,NA,NA,NA,NA,25.9,425.418417,-58.677066,-484.095483,-0.040990061,-0.004196666,816700,461,8126,17048,239.4,844.3010753,1502.795699
C01D,19,DLC,Dactylis,Low,0,2,4,5.4,26.88,0.19,0.11,30.33333333,104.1592652,-76.4381604,-180.5974256,-0.020847232,0.015461281,380700,296.4,10880,18356,516.6,805.7585825,9977.851606
C02A,11,LMD,Leontodon,Medium,1,1,1,29.32,3.74,1.24,3.23,27.23333333,186.1827217,-535.5956131,-721.7783348,-0.006867884,-0.004244324,1030100,572.6,7490,10766,696.8300931,1608.854167,3654.715887
C02B,11,LMD,Leontodon,Medium,1,1,2,NA,NA,NA,NA,3.733333333,22.11877503,28.45877817,6.340003147,-0.002111315,-0.004539877,633300,877.2,8504,10660,1656.8,470.56,8161.76
C02C,11,LMD,Leontodon,Medium,1,1,3,NA,NA,NA,NA,27.93333333,595.2918559,14.34555799,-580.9462979,-0.056236814,0.017142608,946500,1448.2,12966,23360,1860.8,1204.526749,874.8971193
C02D,27,HD,None,High,1,2,4,19.81,24.46,2.29,0.38,32.83333333,116.7459507,-157.3686355,-274.1145863,-0.010566658,0.010064814,461900,415.4,20020,35320,627.4,1554.832347,15128.00789
C03A,19,DLC,Dactylis,Low,0,2,1,8.88,21.53,0.28,1.06,24.46666667,128.2382934,-474.5370445,-602.7753379,-0.001090123,0.000415555,836700,639.8,4856,7510,855.8137933,1518.037135,4608.445042
C03B,19,DLC,Dactylis,Low,0,2,2,NA,NA,NA,NA,19.4,294.4354109,-406.523043,-700.9584539,-0.009897582,0.022740094,657800,719.2,6500,7386,686.8,458.4033613,846.6386555
C03C,19,DLC,Dactylis,Low,0,2,3,NA,NA,NA,NA,34.26666667,303.1404216,-249.7471434,-552.887565,NA,NA,628700,282,10544,20880,822.2,518.2468694,2855.813953
C03D,35,DLD,Dactylis,Low,1,2,4,4.75,55.02,0,0,33.46666667,174.1344945,-206.5886043,-380.7230988,-0.019520849,-0.005656785,413400,313.6,14476,24600,391.4,1032.273839,9884.107579
C04B,27,HD,None,High,1,2,2,NA,NA,NA,NA,5.6,52.1278109,24.28016524,-27.84764566,0.004823482,0.009493392,710400,633.2,4518,8524,1771.6,718.6324786,479.6581197
C04C,27,HD,None,High,1,2,3,NA,NA,NA,NA,26.23333333,356.2240525,-236.4251951,-592.6492476,-0.006389164,0.012577933,1149000,183.48,13724,22420,1286.8,44.65709729,6140.350877
C04D,43,ALC,Anthox,Low,0,3,4,35.88,3.32,0.92,0.37,38.86666667,161.2887425,-234.7829722,-396.0717147,-0.020990071,0.003025984,471100,533.8,15718,28420,389.8,585.326087,2976.086957
C05A,35,DLD,Dactylis,Low,1,2,1,15.03,18.35,0.36,1.07,24.43333333,325.7798922,-464.024912,-789.8048042,-0.044249728,-0.005745659,661600,340.4,3072,4788,521.3585673,2018.320611,1622.570431
C05B,35,DLD,Dactylis,Low,1,2,2,NA,NA,NA,NA,2.7,153.0367365,84.37027327,-68.66646327,0.005943986,-0.002431104,552700,1850,10570,14646,1816.6,638.0582524,1285.825243
C05C,35,DLD,Dactylis,Low,1,2,3,NA,NA,NA,NA,29.36666667,721.4394791,-181.8264689,-903.265948,NA,NA,846000,436.4,14070,24320,998.4,1302.424242,3605.757576
C05D,51,LMC,Leontodon,Medium,0,3,4,14.34,8.58,5.18,0.35,39.53333333,79.70712498,-337.5114594,-417.2185844,-0.01942964,0.003961851,462600,291.6,9004,18786,425.8,781.0416667,2952.5
C06A,43,ALC,Anthox,Low,0,3,1,52.84,0.77,0.34,1.94,26.36666667,216.1088852,-389.8366232,-605.9455084,-0.020245884,-0.00357802,795400,470.8,2930,9408,828.0134638,257.6419214,3135.755332
C06B,43,ALC,Anthox,Low,0,3,2,NA,NA,NA,NA,20.23333333,317.835467,-174.7775025,-492.6129695,-0.041731079,0.004421028,652400,826,5862,7476,843.6,419.8113208,3652.201258
C06C,2,ALD,Anthox,Low,1,1,4,35.93,4.35,1.47,0,29.93333333,172.5589609,-122.3912876,-294.9502486,-0.030523825,0.001480066,446300,468,11032,23380,567.2,1084.074074,4744.814815
C06D,59,RMC,Rumex,Medium,0,4,4,23.92,14.19,0.28,0.94,36.26666667,89.93674746,-71.96898535,-161.9057328,-0.018718392,0.00677823,404200,755.8,12044,23140,942.4,644.1717791,2227.811861
C07A,51,LMC,Leontodon,Medium,0,3,1,35.52,7.35,2.46,3.3,30.1,269.9001116,-526.135199,-796.0353105,-0.049943111,0.015645147,754600,317.4,3254,6754,246.8130745,1253.99061,1948.751685
C07B,51,LMC,Leontodon,Medium,0,3,2,NA,NA,NA,NA,22.1,415.2180783,-307.7770024,-722.9950808,-0.037112108,-0.01414088,805000,1038,9646,11342,680.6,536.770428,2851.750973
C07C,10,DLD,Dactylis,Low,1,1,4,3.35,40.55,0,0,32.26666667,212.2162027,-254.1651703,-466.3813729,-0.000364447,0.002495685,413500,489,13430,24880,656.4,1299.166667,11565.41667
C08A,59,RMC,Rumex,Medium,0,4,1,31.84,4.71,0.67,5.3,28.46666667,245.7598894,-408.8998172,-654.6597066,NA,NA,420700,193.3,1472.2,3818,541.9475927,1385.839416,553.1386861
C08B,59,RMC,Rumex,Medium,0,4,2,NA,NA,NA,NA,17.8,563.1231011,-289.8068136,-852.9299146,-0.041837116,0.000880928,795200,1736.2,12222,13478,837.6,590.4991948,1066.344605
C08C,44,DMC,Dactylis,Medium,0,3,3,NA,NA,NA,NA,36.03333333,310.9285956,-150.8103538,-461.7389494,-0.023081449,0.01843106,813100,712,7168,21860,629.6,643.3408578,2596.388262
C09A,67,DLC,Dactylis,Low,0,4,1,11.61,18.43,0.34,1.33,27.06666667,145.5422009,-451.0695413,-596.6117422,-0.005998042,-0.007421286,814600,462,4520,6270,493.664702,1349.795082,1391.393443
C09B,67,DLC,Dactylis,Low,0,4,2,NA,NA,NA,NA,19.9,357.183575,-6.065369179,-363.2489442,-0.009163034,0.024959187,575500,1482.2,8904,9974,509.8,364.6680942,215.2034261
C09C,51,LMC,Leontodon,Medium,0,3,3,NA,NA,NA,NA,37.06666667,310.3214041,-167.6183817,-477.9397858,-0.024015863,0.014184479,820600,1208.4,9902,21080,940.8,352.739726,1140.239726
C10C,59,RMC,Rumex,Medium,0,4,3,NA,NA,NA,NA,36.73333333,317.1693403,-777.5530571,-1094.722397,-0.028999912,-0.027045056,815200,740.2,10508,19922,734.6,485.0220264,1237.22467
C11C,67,DLC,Dactylis,Low,0,4,3,NA,NA,NA,NA,34.3,510.2583189,-372.9993293,-883.2576482,-0.012338957,0.002125184,848300,326,13326,23640,444.6,607.3660714,4539.285714
D01A,4,LLD,Leontodon,Low,1,1,1,17.28,8.58,6.33,1.88,23.86666667,120,-359.5535457,-479.5535457,-0.003254663,-0.002213507,876300,743.8,5210,8274,440.2058717,1220.646766,1736.876886
D01B,4,LLD,Leontodon,Low,1,1,2,NA,NA,NA,NA,4.966666667,112.9980898,18.71725648,-94.28083332,0.027788407,-0.014918908,614900,501.8,6212,8496,584,700.1904762,2659.809524
D01C,4,LLD,Leontodon,Low,1,1,3,NA,NA,NA,NA,24.93333333,319.8979508,-141.0663402,-460.964291,0.041778794,0.002723522,NA,NA,NA,NA,312.2,1149.41452,2392.974239
D01D,20,RLC,Rumex,Low,0,2,4,19.42,10.49,1.03,0.76,28.93333333,83.79031931,-6.985108715,-90.77542803,-0.020390146,0.009059103,377800,159.98,15942,18192,681.6,652.6442308,11312.01923
D02A,12,HD,None,High,1,1,1,27.59,6.42,0.54,2.58,27.1,176.4366274,-363.9500741,-540.3867015,-0.044877505,0.003815825,1082000,731.2,5572,9488,463.9880424,1468.722467,1468.566551
D02B,12,HD,None,High,1,1,2,NA,NA,NA,NA,2.466666667,23.68596681,22.296865,-1.389101813,0.008678575,-0.012217787,552100,1473.4,8508,12468,1047.2,471.969697,9112.272727
D02C,12,HD,None,High,1,1,3,NA,NA,NA,NA,27.2,227.3770264,-102.5769307,-329.9539571,-0.035980437,0.040941549,998600,592,11808,24960,629.8,900.4819277,2486.746988
D02D,28,HC,None,High,0,2,4,14.07,12.76,5.15,0.37,31.86666667,136.74076,-74.83859973,-211.5793597,-0.030027269,-0.007347463,387800,206.8,6054,13368,308,650.310559,5381.15942
D03A,20,RLC,Rumex,Low,0,2,1,27.29,2.36,0.4,8.37,27.1,128.1445495,-555.5848076,-683.7293571,-0.007116944,0.008594293,869100,724.8,5514,7100,496.7974284,1216.701903,1554.83838
D03B,20,RLC,Rumex,Low,0,2,2,NA,NA,NA,NA,18.83333333,727.7075766,-328.9979567,-1056.705533,-0.030952885,0.00270357,680900,1084.8,10054,9288,794.4,259.8130841,2197.383178
D03C,20,RLC,Rumex,Low,0,2,3,NA,NA,NA,NA,33.53333333,453.9508653,-402.1087335,-856.0595988,NA,NA,807400,387.2,12692,21700,766,499.1718427,6077.018634
D03D,36,DMD,Dactylis,Medium,1,2,4,10.03,41.79,1,0.01,30.26666667,166.3191935,-127.7166682,-294.0358617,-0.019783456,-0.003760258,523800,350.2,17052,33960,867.2,1464.965197,7674.941995
D04A,28,HC,None,High,0,2,1,32.35,8.37,1.25,3.32,24.66666667,485.4173441,-607.6653498,-1093.082694,-0.024288754,0.012327555,731900,668.6,4804,6740,636.3703108,1221.571906,1160.88234
D04B,28,HC,None,High,0,2,2,NA,NA,NA,NA,21.6,498.9844172,-501.4663037,-1000.450721,-0.056519181,0.001094451,469300,515.4,5024,5434,401.4,357.7464789,559.1549296
D04C,28,HC,None,High,0,2,3,NA,NA,NA,NA,33.16666667,435.270052,-253.6386634,-688.9087155,-0.491817226,-0.005411801,728600,351.8,8246,15218,857,236.672326,2391.511036
D04D,44,DMC,Dactylis,Medium,0,3,4,14.33,15.15,2.02,0.34,33.56666667,264.14864,-184.0400318,-448.1886718,0.00778843,0.006209152,371400,298.6,8972,16948,192.84,756.6801619,5374.493927
D05A,36,DMD,Dactylis,Medium,1,2,1,27.32,10.2,1.22,1.61,23.63333333,66.30070155,-321.2497956,-387.5504971,-0.031771537,0.015828404,626400,601.2,3422,6534,781.6283099,1215.845824,1264.773899
D05B,36,DMD,Dactylis,Medium,1,2,2,NA,NA,NA,NA,3.533333333,52.64339692,70.95104646,18.30764954,-0.006196636,0.009167905,617000,564.8,4960,7526,1523.4,428.8888889,420
D05C,36,DMD,Dactylis,Medium,1,2,3,NA,NA,NA,NA,28.06666667,370.0695259,-179.0983658,-549.1678917,-0.068601894,0.032788042,1188200,1026.6,20500,31840,821.4,1016.938111,7739.413681
D05D,52,HC,None,High,0,3,4,21.5,10.54,4.31,0.69,37.43333333,127.7193238,-201.0567165,-328.7760403,0.005774839,0.004884872,405100,473,10522,21000,330,668.9440994,1673.913043
D06A,44,DMC,Dactylis,Medium,0,3,1,29.49,9.04,0.58,2.66,26.86666667,250.926331,-393.3724607,-644.2987917,-0.033088685,-0.00328184,1055600,784.2,6418,8252,81.35778767,431.8302387,659.3763327
D06B,44,DMC,Dactylis,Medium,0,3,2,NA,NA,NA,NA,19.3,493.7210317,-254.6686658,-748.3896974,-0.013763015,-0.007975072,846000,1188.8,12198,14370,576.6,136.3636364,828.9772727
D06C,3,RLD,Rumex,Low,1,1,4,21.88,14.54,1.31,0.59,32.26666667,92.62599474,-147.8565442,-240.4825389,-0.022629207,0.002565924,440700,419.8,7606,15944,1091.2,1521.132075,16006.79245
D06D,60,ALD,Anthox,Low,1,4,4,27.81,6.16,2.44,0.34,33.6,112.6046263,-109.1473061,-221.7519324,-0.007250271,-0.000753586,395500,399.4,6668,14978,769.4,620.3703704,3562.222222
D07A,52,HC,None,High,0,3,1,39.76,6.1,1.9,2.21,26.16666667,325.4975882,-319.1774744,-644.6750626,-0.007714163,0.001534984,910600,600.6,4332,7744,768.7398255,1505.474453,683.2802688
D07B,52,HC,None,High,0,3,2,NA,NA,NA,NA,18.7,445.0121561,-374.5631887,-819.5753448,-0.041045628,-0.008195011,633500,732,8904,6504,1032.6,444.6808511,1431.664581
D07C,11,LMD,Leontodon,Medium,1,1,4,19.62,29.59,1.59,0,32.66666667,114.7801197,-140.3032292,-255.0833489,-0.008861556,0.01344928,489600,262.2,10574,19320,778,994.0909091,7324.545455
D07D,68,LLD,Leontodon,Low,1,4,4,6.42,37.46,10.28,0,35.3,246.3961745,-155.2842714,-401.6804458,0.000527195,0.005853359,272300,417,7174,13520,692.2,1171.279373,4365.796345
D08A,60,ALD,Anthox,Low,1,4,1,57.14,2.83,0.53,1.21,23.53333333,172.8719743,-404.9722064,-577.8441808,-0.056829614,-0.008296749,664700,325,2970,7254,90.07418995,642.0262664,511.4918327
D08B,60,ALD,Anthox,Low,1,4,2,NA,NA,NA,NA,6.933333333,174.3386873,34.79306661,-139.5456207,-0.025643027,0.003210533,586900,225,3110,5442,1476,548.7692308,7150.307692
D08C,43,ALC,Anthox,Low,0,3,3,NA,NA,NA,NA,32.63333333,287.9539765,-295.9253008,-583.8792773,-0.015630875,-0.009490036,810900,485.8,12442,24220,486.6,529.8245614,2279.1423
D09A,68,LLD,Leontodon,Low,1,4,1,17.74,4.77,6.08,3.34,28.63333333,233.2295685,-678.9503402,-912.1799088,-0.012198643,0.002810814,848800,732.4,5646,6528,659.9366658,1494.343434,1006.060606
D09B,68,LLD,Leontodon,Low,1,4,2,NA,NA,NA,NA,3.233333333,58.06699023,66.62986437,8.562874135,0.017645915,-0.005666486,737100,1170,9572,10790,882.8,565.8210948,539.9198932
D09C,52,HC,None,High,0,3,3,NA,NA,NA,NA,36.43333333,567.9405787,-196.8186795,-764.7592582,0.014323701,0.007041612,806200,415.4,7396,16294,555.6,382.6568266,2883.394834
D10C,60,ALD,Anthox,Low,1,4,3,NA,NA,NA,NA,28.8,291.9132406,-159.8569701,-451.7702107,0.002277608,0.041878904,811100,409.4,14400,7672,797,477.388535,4094.267516
D11C,68,LLD,Leontodon,Low,1,4,3,NA,NA,NA,NA,31.53333333,348.7586884,92.06994657,-256.6887419,NA,NA,901200,785,17170,24940,302.4,1066.216216,3522.297297
E01A,5,HC,None,High,0,1,1,34.88,3.48,1.06,2.28,26,197.955217,-675.5449467,-873.5001637,-0.077009841,-0.017048489,828200,604.8,4696,7274,785.8829551,1585.393258,1498.267897
E01B,5,HC,None,High,0,1,2,NA,NA,NA,NA,20,477.4826682,-339.4313005,-816.9139687,-0.016683598,-0.011865692,496200,379.6,5272,7088,368.4,164.9122807,1008.521303
E01C,5,HC,None,High,0,1,3,NA,NA,NA,NA,33.73333333,537.2611171,-132.9019571,-670.1630742,-0.016253668,0.022966798,681500,935,6830,15052,247.6,431.0621242,2065.330661
E01D,21,AMC,Anthox,Medium,0,2,4,23.2,7.37,1.29,0.32,32,189.7674238,-17.74040048,-207.5078243,-0.029326846,-0.001645279,413400,390,14172,23500,388.2,1396.740741,19545.48148
E02A,13,AMD,Anthox,Medium,1,1,1,50.22,3.59,0.33,1.58,26.36666667,319.4439997,-695.977308,-1015.421308,-0.009170679,-0.005611157,1078900,1065,6454,10388,271.07881,1193.292683,1729.481928
E02B,13,AMD,Anthox,Medium,1,1,2,NA,NA,NA,NA,3.233333333,127.7707038,25.89428252,-101.8764213,-0.009925647,0.023588139,821100,2188,12070,17224,999.6,422.0779221,2409.61039
E02C,13,AMD,Anthox,Medium,1,1,3,NA,NA,NA,NA,26.86666667,340.5091378,-126.7574212,-467.266559,NA,NA,1151100,1054,23540,40760,1189,993.5064935,2757.662338
E02D,29,LLC,Leontodon,Low,0,2,4,7.41,7.91,16.27,0.07,37.16666667,59.26020442,-76.2286183,-135.4888227,-0.022254746,-0.004534646,395200,235,7140,16266,514.4,591.6309013,5636.695279
E03A,21,AMC,Anthox,Medium,0,2,1,43.25,2.42,0.65,2.15,24.93333333,193.1968219,-597.5283408,-790.7251626,0.00577938,-0.000334549,880300,636,5160,8574,283.5396754,841.356674,1744.656768
E03B,21,AMC,Anthox,Medium,0,2,2,NA,NA,NA,NA,19.8,386.0822656,-507.4004697,-893.4827353,-0.056186803,0.00270357,563100,1435.8,8766,10786,485,256.5517241,999.7701149
E03D,37,RLD,Rumex,Low,1,3,4,23.83,10.85,0.55,0.82,34.06666667,138.1925009,-211.8183163,-350.0108172,-0.001585561,-0.003949139,402700,303.6,12116,21380,1051,764.1168289,10070.09736
E04A,29,LLC,Leontodon,Low,0,2,1,21.35,10.41,5.6,2.01,28.36666667,420.0440061,-529.632372,-949.6763781,-0.015483517,0.01571591,868000,629.4,4472,6586,762.8924397,2261.176471,1274.545483
E04B,29,LLC,Leontodon,Low,0,2,2,NA,NA,NA,NA,18.63333333,460.8275625,-416.3996909,-877.2272534,-0.049255662,0.006998497,708000,847.8,8312,10106,787.6,407.713885,2602.244039
E04C,29,LLC,Leontodon,Low,0,2,3,NA,NA,NA,NA,32.63333333,463.594026,-405.9475252,-869.5415512,-0.024211643,-0.001814364,715200,1180.4,8328,13360,472.4,523.2432432,9778.378378
E04D,45,AMD,Anthox,Medium,1,3,4,23.56,22.3,1.83,0,34.86666667,327.3972849,-141.8080601,-469.205345,-0.00287597,-0.000539481,477100,280.6,9924,21740,710.4,730.2631579,5768.796992
E05A,37,RLD,Rumex,Low,1,3,1,37.32,4.5,0.45,4.03,28.66666667,199.065372,-621.5891755,-820.6545475,0.008130653,-0.007005039,740700,689.4,4456,6836,1028.601221,838.8753056,1668.203311
E05B,37,RLD,Rumex,Low,1,3,2,NA,NA,NA,NA,4.5,149.561538,-6.909891071,-156.4714291,-0.001397774,0.008721081,772500,982.8,9250,8796,1934,798.3006536,1348.235294
E05C,37,RLD,Rumex,Low,1,3,3,NA,NA,NA,NA,26.86666667,361.354167,-24.72388171,-386.0780487,-0.013255946,0.01094076,740100,1374.6,8734,18714,1438,1099.164345,2939.554318
E05D,53,AMC,Anthox,Medium,0,3,4,25.84,9.2,2.22,0.29,37.43333333,175.3694064,-33.68142272,-209.0508292,-0.008393789,-0.02841381,473500,296,13166,26140,335,620.5323194,5250
E06A,45,AMD,Anthox,Medium,1,3,1,33.51,2.59,1.11,3.55,27.86666667,255.7431427,-346.07095,-601.8140927,0.011275275,-0.002328858,459100,173.1,1375,3406,748.2315453,739.6160558,1150.226747
E06B,45,AMD,Anthox,Medium,1,3,2,NA,NA,NA,NA,3.233333333,52.0557,36.33035511,-15.72534489,0.001029306,-0.002159792,531700,1199.4,6486,9492,1792.6,625.8461538,4032.307692
E06C,4,LLD,Leontodon,Low,1,1,4,10.57,16.61,9.42,0.14,32.76666667,143.1627079,-246.6330465,-389.7957544,0.003085308,-0.005364069,406100,247.4,8460,17430,867.8,1546.176471,23006.17647
E07A,53,AMC,Anthox,Medium,0,3,1,38.16,3.36,0.79,2.91,26.43333333,272.1466489,-795.2113851,-1067.358034,-0.035468392,0.004944585,999700,1038.8,5994,12184,1073.525045,1934.300792,1077.272901
E07B,53,AMC,Anthox,Medium,0,3,2,NA,NA,NA,NA,20.2,517.7020959,-280.8725255,-798.5746215,-0.048713301,0.005358242,803700,1458.2,9842,14114,832.2,287.0212766,495.106383
E07C,12,HD,None,High,1,1,4,7.68,32.9,0.85,0,30.86666667,140.598721,-245.7199505,-386.3186716,-0.055977074,-0.000879037,518400,446.6,17110,29000,902.6,1602.12766,19594.68085
E07D,69,LMD,Leontodon,Medium,1,4,4,15.37,32.24,4.34,0,30.33333333,61.83348523,-112.75301,-174.5864953,-0.01248684,0.006599152,335100,332.6,4818,9794,570.2,880,3658.105263
E08A,61,AMD,Anthox,Medium,1,4,1,46.62,3.48,1.04,2.73,26.8,219.0384961,-560.0284164,-779.0669125,-0.015392425,-0.01388964,900500,486.4,5884,8346,823.8380075,1087.755102,2030.709995
E08B,61,AMD,Anthox,Medium,1,4,2,NA,NA,NA,NA,6.433333333,140.936809,28.79266428,-112.1441447,-0.0182601,0.007730888,717000,2126,13694,15536,1660,597.4311927,3255.045872
E08C,45,AMD,Anthox,Medium,1,3,3,NA,NA,NA,NA,31.66666667,295.9329347,132.9019571,-163.0309776,-0.026361869,0.019638604,934200,983,14104,25520,702.8,661.7886179,2563.685637
E09A,69,LMD,Leontodon,Medium,1,4,1,30.7,9.69,2.88,2.77,30.46666667,314.1857943,-409.281464,-723.4672583,-0.048308189,-0.007919267,901300,669,6230,8206,634.1558928,1929.166667,979.9919861
E09B,69,LMD,Leontodon,Medium,1,4,2,NA,NA,NA,NA,3.533333333,90.33157647,55.57491648,-34.75665999,-0.00188051,-0.012977245,788900,522,9598,10156,1316.6,475.3731343,1215.671642
E09C,53,AMC,Anthox,Medium,0,3,3,NA,NA,NA,NA,38.8,330.0256559,-356.5442388,-686.5698947,-0.025816144,-0.00262768,987900,1215.4,15010,29600,774.2,482.8719723,1400.17301
E10C,61,AMD,Anthox,Medium,1,4,3,NA,NA,NA,NA,30.53333333,265.3132236,-39.05671029,-304.3699339,-0.466019865,0.005994778,1002500,399.4,13646,23560,698.8,735.4632588,3769.009585
E11C,69,LMD,Leontodon,Medium,1,4,3,NA,NA,NA,NA,28.03333333,624.0529146,-320.5225179,-944.5754325,NA,NA,769500,982.2,13428,23060,501.6,520.5714286,4121.714286
F01A,6,LMC,Leontodon,Medium,0,1,1,33.53,3.51,2.16,2.52,23.93333333,187.9107814,-585.1609984,-773.0717797,-0.028749526,0.001545604,792800,734.4,5816,7886,499.4285925,1261.024499,2211.039373
F01B,6,LMC,Leontodon,Medium,0,1,2,NA,NA,NA,NA,21.1,339.1347964,-458.7536954,-797.8884918,-0.068713272,-0.038743716,849000,1353,11376,12178,262,614.8514851,2655.445545
F01C,6,LMC,Leontodon,Medium,0,1,3,NA,NA,NA,NA,33.2,370.5242532,-132.440492,-502.9647451,-0.022505338,0.014827532,760500,595.6,12164,23520,748.6,319.2307692,2602.488688
F01D,22,DMC,Dactylis,Medium,0,2,4,15.09,12.98,2.83,0.31,33.43333333,152.3003794,-4.420750997,-156.7211304,-0.025660704,-0.007260243,379000,364.8,8930,16322,267.4,498.1790592,5988.31563
F02A,14,RMD,Rumex,Medium,1,1,1,24.56,4.84,0.98,2.36,26.23333333,203.0012619,-635.324314,-838.3255759,-0.002659593,0.010329607,789500,779.4,6022,8284,319.5092374,1137.162162,959.2883446
F02B,14,RMD,Rumex,Medium,1,1,2,NA,NA,NA,NA,3.366666667,110.4575487,30.86299285,-79.5945558,0.01296857,0.023778314,675600,1791.8,10280,13282,1361.6,523.1884058,8334.927536
F02C,14,RMD,Rumex,Medium,1,1,3,NA,NA,NA,NA,27.6,833.416489,-88.1606178,-921.5771068,-0.014092353,0.0168907,930300,787.2,13640,29740,722.8,687.4015748,5298.818898
F02D,30,ALC,Anthox,Low,0,2,4,23.91,7.54,2.45,0.21,35.4,127.9634594,-166.283288,-294.2467474,-0.043555071,-0.0110526,417600,266.2,11702,21940,127.94,538.5146805,8138.169257
F03A,22,DMC,Dactylis,Medium,0,2,1,25.16,7.24,0.73,3.41,26.03333333,176.6223954,-626.0643802,-802.6867756,-0.038682933,-0.010701628,915800,644.4,5550,6712,454.7322946,514.5488029,1555.547849
F03B,22,DMC,Dactylis,Medium,0,2,2,NA,NA,NA,NA,19.06666667,541.2873956,-619.374106,-1160.661502,-0.027068114,0.005621322,666300,1152.2,9610,10184,554.2,473.1663685,602.862254
F03C,22,DMC,Dactylis,Medium,0,2,3,NA,NA,NA,NA,32.46666667,369.7871692,-247.1645892,-616.9517584,NA,NA,833700,621.6,10706,20980,725.4,559.6199525,2358.907363
F03D,38,LMD,Leontodon,Medium,1,3,4,10.22,14.2,4.08,0.06,35.7,184.1311264,-194.6594883,-378.7906147,-0.021265455,-0.000515661,480400,381,9980,18960,362.4,1127.895981,7224.113475
F04B,30,ALC,Anthox,Low,0,2,2,NA,NA,NA,NA,20.96666667,607.0183859,-474.2456787,-1081.264065,-0.044355716,0.006931316,547300,924.8,7136,9190,355.2,457.1125265,1218.895966
F04C,30,ALC,Anthox,Low,0,2,3,NA,NA,NA,NA,35.1,505.9187907,-607.4898138,-1113.408605,-0.25519803,-0.007519262,672500,653.4,16682,21920,623,344.6691176,5672.794118
F04D,46,HD,None,High,1,3,4,22.49,23.56,2.44,0,32.03333333,106.7296934,-51.03413196,-157.7638254,0.016815599,0.015509323,407400,335.6,14000,24620,696,886.3720074,13663.72007
F05A,38,LMD,Leontodon,Medium,1,3,1,34.95,6.75,2.17,3.87,25.9,308.2624776,-524.2894551,-832.5519327,-0.030409936,0.002311629,462300,147.98,1100.4,2960,811.4344034,1415.198618,1442.092903
F05B,38,LMD,Leontodon,Medium,1,3,2,NA,NA,NA,NA,5.8,162.5961481,11.37200638,-151.2241417,0.025802232,0.003480383,NA,NA,NA,NA,1491,630.6976744,793.9534884
F05C,38,LMD,Leontodon,Medium,1,3,3,NA,NA,NA,NA,27.7,314.0377706,-134.9176577,-448.9554284,NA,NA,841100,1134.4,10164,20200,618.6,673.7527115,6377.657267
F05D,54,LLC,Leontodon,Low,0,3,4,17.52,10.72,12.23,0.4,36.33333333,108.3862677,-214.0876064,-322.473874,-0.024410536,-0.005435442,300900,366.8,9168,16400,423.4,864.9048626,5268.710359
F06A,46,HD,None,High,1,3,1,29.68,4.69,1.55,3.13,27.4,258.2893328,-416.7663998,-675.0557326,-0.01892114,0.014650085,815100,687.4,4876,7180,190.6881932,529.4670846,783.7719603
F06B,46,HD,None,High,1,3,2,NA,NA,NA,NA,2.1,50.52412621,47.78154057,-2.742585631,0.010979786,0.010087682,638600,918,6718,8524,532.6,506.6666667,5469.333333
F06C,5,HC,None,High,0,1,4,19.99,6.59,3.28,0.18,NA,82.77373867,-209.4363857,-292.2101244,-0.001672881,-0.001737073,326800,556.4,7814,13534,643.6,669.921875,6833.59375
F06D,62,RMD,Rumex,Medium,1,4,4,18.93,20.92,1.84,0.5,31.3,65.43071513,-147.1729791,-212.6036942,-0.018649352,0.013597493,405700,346.4,7902,18274,445.4,1025.824176,1531.593407
F07A,54,LLC,Leontodon,Low,0,3,1,13.84,10.75,4.48,2.84,28.03333333,193.1198356,-523.7899457,-716.9097812,-0.025119265,0.016484856,905800,951.8,5200,7478,1107.327137,1617.6,1429.051521
F07B,54,LLC,Leontodon,Low,0,3,2,NA,NA,NA,NA,25.8,368.0414443,-267.8805073,-635.9219516,-0.042760807,-0.001973484,775000,779.4,7848,9796,911.4,396.2577963,250.1039501
F07C,13,AMD,Anthox,Medium,1,1,4,19.22,16.72,0.61,0.05,29.23333333,113.117978,-166.9898379,-280.1078158,-0.022193367,-0.005667706,539900,1545.6,15500,31720,618.4,813.4328358,7565.298507
F07D,70,RLD,Rumex,Low,1,4,4,17.51,18.59,0.81,0.06,31.46666667,7.152184463,-61.32539703,-68.4775815,NA,NA,444300,321,14396,24800,542,1532.936508,7783.333333
F08A,62,RMD,Rumex,Medium,1,4,1,35.02,4.34,1.79,3.44,26.83333333,202.5910893,-440.3435722,-642.9346616,-0.013271503,-0.000485053,808000,774.2,4790,6668,772.698788,1344.854071,1055.299539
F08B,62,RMD,Rumex,Medium,1,4,2,NA,NA,NA,NA,6.333333333,147.8522934,70.89346211,-76.95883129,0.002417503,0.00417712,800000,1007.6,9184,9104,953.4,549.2753623,1635.217391
F08C,46,HD,None,High,1,3,3,NA,NA,NA,NA,33.73333333,407.4229729,-212.6237096,-620.0466825,-0.0350109,0.021921399,NA,NA,NA,NA,725.4,784.0148699,5078.066914
F09A,70,RLD,Rumex,Low,1,4,1,16.39,4.08,0.33,5.2,29.16666667,150.7852102,-217.4640036,-368.2492138,-0.004340216,-0.000826341,733900,517,4076,6498,853.781481,1985.681818,1288.636364
F09B,70,RLD,Rumex,Low,1,4,2,NA,NA,NA,NA,3.3,81.51604735,47.35483237,-34.16121497,-0.005580032,0.007654728,744600,762,5670,7300,1099,522.9477612,1436.380597
F09C,54,LLC,Leontodon,Low,0,3,3,NA,NA,NA,NA,36.53333333,445.2142112,-216.2446935,-661.4589047,-0.009296372,0.003468089,838700,690.4,7272,18732,1152.2,462.4521073,2411.111111
F10C,62,RMD,Rumex,Medium,1,4,3,NA,NA,NA,NA,30.9,416.751326,-162.0994987,-578.8508247,-0.370583999,-0.002113543,769800,250.8,9322,20060,852.4,341.038961,3661.818182
F11C,70,RLD,Rumex,Low,1,4,3,NA,NA,NA,NA,28.93333333,580.9090909,90.63703965,-490.2720513,-0.129434255,0.006183746,854800,607,16234,25500,210.4,1055.172414,4439.463602
G01A,7,RMC,Rumex,Medium,0,1,1,33.31,7.28,0.7,4.18,24.76666667,180.8524025,-545.6380543,-726.4904569,-0.039741309,-0.005366889,785500,722.2,3960,6880,481.0287968,1032.048193,1498.343989
G01B,7,RMC,Rumex,Medium,0,1,2,NA,NA,NA,NA,20.26666667,538.1510663,-1008.548858,-1546.699924,-0.039567684,0.043642418,560500,516.4,5506,7284,304.8,546.1649783,2259.334298
G01C,7,RMC,Rumex,Medium,0,1,3,NA,NA,NA,NA,36.1,409.1724572,-445.0422047,-854.2146618,-0.028461713,0.012970731,587600,576.2,5500,13238,431.2,589.7233202,1898.814229
G01D,23,LMC,Leontodon,Medium,0,2,4,12.24,14.89,5.72,0.34,37.5,142.930976,79.03900414,-63.89197187,-0.022534676,-0.000461312,373700,297,7968,16454,624.8,2567.974882,38618.52433
G02A,15,DMC,Dactylis,Medium,0,1,1,21.54,10.06,0.85,2.16,28.4,322.9700854,-387.1113883,-710.0814737,0.072346231,0.004590887,1004500,778.4,6102,8528,288.5971493,1138.692098,579.6351689
G02B,15,DMC,Dactylis,Medium,0,1,2,NA,NA,NA,NA,24.56666667,518.066358,-391.3805567,-909.4469147,-0.006869852,0.023442929,516200,736.2,6824,9158,517.4,466.9404517,1162.01232
G02C,15,DMC,Dactylis,Medium,0,1,3,NA,NA,NA,NA,36.43333333,473.8124066,-260.7141544,-734.526561,0.009186997,0.005506636,759600,1198.2,9696,22700,629.2,5.613305613,2410.810811
G02D,31,RMC,Rumex,Medium,0,2,4,20.43,13.64,3.93,0.32,32.33333333,62.98130523,-99.02492283,-162.0062281,0.007597782,-0.001224575,384400,814.4,11850,19502,699,1043.123543,9689.97669
G03A,23,LMC,Leontodon,Medium,0,2,1,29.85,10.13,3.94,2.36,24.46666667,192.0096615,-597.8442249,-789.8538864,-0.017004931,0.009627846,1023900,638.4,5642,7388,581.6431528,1127.358491,1294.798292
G03B,23,LMC,Leontodon,Medium,0,2,2,NA,NA,NA,NA,15.53333333,387.4405741,-797.8693922,-1185.309966,-0.02933112,-0.002678947,658700,791.4,9004,8548,607.6,546.2414579,1381.321185
G03C,23,LMC,Leontodon,Medium,0,2,3,NA,NA,NA,NA,30.56666667,443.2957373,-350.9021729,-794.1979102,-0.036049776,0.006765155,989800,1063.6,17136,28600,1020.6,339.5280236,4351.327434
G03D,39,DMD,Dactylis,Medium,1,3,4,8.17,33.28,1.25,0.13,36.83333333,245.0150927,-183.2561847,-428.2712775,0.012168202,0.018468855,390100,576.2,17650,26720,354.2,848.7704918,5227.254098
G04A,31,RMC,Rumex,Medium,0,2,1,37.27,5.9,1.07,2.3,22.93333333,240.3652963,-352.5112908,-592.876587,-0.051370115,0.01180776,889700,581.8,5480,6950,601.7133947,1034.389857,936.0529493
G04B,31,RMC,Rumex,Medium,0,2,2,NA,NA,NA,NA,20.03333333,505.5047747,-558.0295372,-1063.534312,-0.041768033,-0.001930847,671800,862,8826,9814,584,454.3340381,409.5137421
G04C,31,RMC,Rumex,Medium,0,2,3,NA,NA,NA,NA,33.06666667,1008.75385,-358.6787846,-1367.432635,NA,NA,749800,1426.8,9776,19806,1040.6,476.0667904,1971.428571
G04D,47,ALD,Anthox,Low,1,3,4,39.35,9.81,0.4,0.25,31.53333333,145.7690271,146.5268929,0.757865852,-0.011989314,0.016447792,390200,454,6518,18448,647.8,963.4529148,6322.869955
G05A,39,DMD,Dactylis,Medium,1,3,1,16.11,12.64,0.79,3.25,28.86666667,276.7527897,-462.1970082,-738.9497979,-0.017534507,0.002943012,780900,872.2,6424,7954,67.19423162,562.3655914,1065.484696
G05B,39,DMD,Dactylis,Medium,1,3,2,NA,NA,NA,NA,3.8,97.20150893,11.84298341,-85.35852552,0.015734118,-0.004638873,834300,2008,13858,16214,857.2,1065.904762,804.952381
G05C,39,DMD,Dactylis,Medium,1,3,3,NA,NA,NA,NA,24.43333333,323.818442,-94.70684337,-418.5252853,-0.026745101,0.013804305,1044800,759,18732,29700,1156.8,917.5531915,930.8510638
G05D,55,RLC,Rumex,Low,0,4,4,20.54,8.91,1.35,0.43,34.26666667,95.63345437,-46.99660165,-142.630056,-0.014251406,0.015322448,399000,170.04,6298,16342,333.6,752.6436782,4596.091954
G06A,47,ALD,Anthox,Low,1,3,1,41.36,1.69,0.37,2.21,28.43333333,294.6485491,-320.2253997,-614.8739488,0.045516973,0.02972891,703500,500.6,3562,8490,667.2639504,1291.399417,949.7352721
G06B,47,ALD,Anthox,Low,1,3,2,NA,NA,NA,NA,3.7,142.7392636,80.60352316,-62.13574045,-0.007501933,-0.004495931,483700,480.2,3982,6286,2030,602.6666667,6885.333333
G06C,6,LMC,Leontodon,Medium,0,1,4,23.58,10.63,5.29,0.14,34.9,143.4030068,-244.9140867,-388.3170935,-0.006769168,-0.001969579,398800,389.8,13050,23180,558.8,997.4137931,46120.68966
G06D,63,DMD,Dactylis,Medium,1,4,4,11.12,28.3,0.93,0.29,32.3,55.70652255,-138.2237696,-193.9302922,-0.015517712,-0.006664514,388400,527,11924,19914,810,955.5223881,3933.731343
G07A,55,RLC,Rumex,Low,0,4,1,16.54,3.22,0.28,4.97,29.03333333,199.0697922,-627.7925573,-826.8623495,-0.038320607,-0.000425266,1026300,831.6,5004,7398,14.65964319,393.0232558,597.3490082
G07B,55,RLC,Rumex,Low,0,4,2,NA,NA,NA,NA,16.2,372.7225016,-296.6476927,-669.3701943,-0.067267958,0.041957262,643000,564,6158,7450,NA,334.0057637,1318.011527
G07C,14,RMD,Rumex,Medium,1,1,4,19.11,31.09,1.73,0.05,27.43333333,202.7258848,-311.9891624,-514.7150471,-0.018494308,0.004054187,380600,479.8,15370,35200,697,1208.870968,24760.08065
G07D,71,HD,None,High,1,4,4,19.02,31.39,1.6,0,32.73333333,118.3961613,-108.7111403,-227.1073015,-0.01358297,-0.004265061,399600,404,12090,19972,461.2,1053.021978,5178.296703
G08A,63,DMD,Dactylis,Medium,1,4,1,23.43,10.08,0.52,1.66,26.26666667,208.3456246,-754.5121053,-962.8577299,-0.011824428,-0.002773555,390400,378.8,1784.4,3564,833.6336302,1221.306376,820.9953344
G08B,63,DMD,Dactylis,Medium,1,4,2,NA,NA,NA,NA,6,88.8754978,49.96793844,-38.90755935,-0.005883121,-0.01449038,725500,868,7870,9972,1856,891.0144928,324.7826087
G08C,47,ALD,Anthox,Low,1,3,3,NA,NA,NA,NA,34.66666667,458.7808854,30.62015457,-428.1607309,-0.078114025,0.031403567,700100,774.4,7484,17926,622.6,847.3282443,3441.603053
G09A,71,HD,None,High,1,4,1,28.44,5.47,0.56,3.87,27.16666667,128.1359148,-454.5414565,-582.6773713,-0.033009303,-0.013442507,731100,736.6,4840,7428,739.5831099,1346.567718,999.1939656
G09B,71,HD,None,High,1,4,2,NA,NA,NA,NA,2.733333333,90.59824986,54.03811815,-36.5601317,0.016898967,0.011912699,657500,849.2,6130,8876,1015,465.2406417,1505.614973
G09C,55,RLC,Rumex,Low,0,4,3,NA,NA,NA,NA,33.16666667,411.0426973,-307.3922777,-718.434975,-0.05178205,-0.001713555,788400,507.8,11600,23600,1237.6,477.2616137,4131.295844
G10C,63,DMD,Dactylis,Medium,1,4,3,NA,NA,NA,NA,25.56666667,378.1341645,-485.0130161,-863.1471806,-0.044902352,0.014197786,854300,403.2,12524,17598,784.6,715.4320988,3929.62963
G11C,71,HD,None,High,1,4,3,NA,NA,NA,NA,31.1,503.2472848,-106.1854311,-609.4327159,-0.028272384,0.017187703,819100,682.6,12622,17824,NA,730.6220096,3006.937799
H01B,8,LLC,Leontodon,Low,0,1,2,NA,NA,NA,NA,22.63333333,430.101538,-337.5534412,-767.6549792,-0.025970002,0.007212875,581000,701.4,5670,7516,154.64,680.6122449,1551.70068
H01C,8,LLC,Leontodon,Low,0,1,3,NA,NA,NA,NA,35.26666667,325.0909318,-350.3119289,-675.4028607,-0.056792994,-0.018986439,776900,2072,7994,18394,208.2,211.7021277,1895.212766
H01D,24,AMD,Anthox,Medium,1,2,4,22.77,10.41,2.4,0.04,34.23333333,80.96426899,-57.01223864,-137.9765076,0.001832186,0.020766458,487700,327.8,15146,27040,517.6,760.5670103,5107.860825
H02A,16,AMC,Anthox,Medium,0,1,1,42.91,2.39,1.73,1.12,25.06666667,346.9123108,-810.3715671,-1157.283878,-0.045178908,0.004005209,639500,674.2,3682,6638,337.5704979,799.5110024,849.3408728
H02B,16,AMC,Anthox,Medium,0,1,2,NA,NA,NA,NA,21.56666667,430.4868315,-466.0196656,-896.5064971,-0.022662354,-0.003147044,492400,1586.4,7884,12122,310.8,512.2529644,745.6521739
H02C,16,AMC,Anthox,Medium,0,1,3,NA,NA,NA,NA,34.76666667,377.1668811,-330.7581371,-707.9250182,-0.021556491,-0.009481842,704300,2038,17290,26960,641.6,359.2198582,2435.638298
H02D,32,LMD,Leontodon,Medium,1,2,4,17.48,36.25,3.56,0,29.23333333,62.33027056,-163.8205362,-226.1508067,-0.033007708,0.004875982,476000,328.2,11102,19880,888.6,1676.691729,15630.57644
H03A,24,AMD,Anthox,Medium,1,2,1,43.28,3.12,0.98,1.84,25.7,164.3314224,-467.454402,-631.7858244,-0.056837296,-0.006592543,907700,1046.6,6722,10974,612.4418384,1147.844828,1539.926207
H03B,24,AMD,Anthox,Medium,1,2,2,NA,NA,NA,NA,6.466666667,60.151253,4.569509898,-55.5817431,-0.008293958,0.009191339,650300,1769.8,11902,12152,1646.8,374.498229,6586.304604
H03C,24,AMD,Anthox,Medium,1,2,3,NA,NA,NA,NA,26.66666667,455.9644728,-127.9248772,-583.88935,0.17717798,-0.000464422,1015600,572.6,13596,25980,769,891.8566775,3397.71987
H03D,40,LLD,Leontodon,Low,1,3,4,7.01,16.88,12.47,0,33.1,50.2224761,-191.8265134,-242.0489895,-0.011729977,-0.003087831,448600,461.2,11476,26360,800.2,1440,11531.81818
H04A,32,LMD,Leontodon,Medium,1,2,1,35.78,7.49,2.02,3.75,24.75,290.3417448,-403.9386773,-694.2804221,-0.037279324,-0.000767595,1134500,990.2,6844,9112,576.6480366,1572.634271,1068.589715
H04B,32,LMD,Leontodon,Medium,1,2,2,NA,NA,NA,NA,2.566666667,82.06386096,74.94026192,-7.123599042,0.021441265,0.014968416,859200,676,8942,9910,949.8,895.4873646,2528.880866
H04C,32,LMD,Leontodon,Medium,1,2,3,NA,NA,NA,NA,27.6,1054.923068,-94.4047386,-1149.327806,-0.029765454,0.023216319,837500,1056.4,12706,22640,884.8,636.9369369,5418.918919
H04D,48,RMD,Rumex,Medium,1,3,4,20.38,18.54,2.14,0.01,35.63333333,64.12473398,-147.7825588,-211.9072927,-0.028885072,-0.002775175,472900,538.6,16232,26680,664,776.1710794,3306.720978
H05A,40,LLD,Leontodon,Low,1,3,1,22.37,6.41,6.27,2.41,26.46666667,263.7917579,-631.9711346,-895.7628926,-0.034904618,-0.014703786,737900,736,4442,6636,774.5938244,1070.300752,1217.613208
H05B,40,LLD,Leontodon,Low,1,3,2,NA,NA,NA,NA,4.9,133.852426,39.4113117,-94.4411143,-0.00241622,0.002804521,665500,610.4,5860,7498,1778.4,448.4552846,4663.577236
H05C,40,LLD,Leontodon,Low,1,3,3,NA,NA,NA,NA,24.16666667,168.7364992,98.89552685,-69.84097239,-0.053933416,0.015456115,690600,1602,10318,20820,1041,1043.430657,4034.671533
H05D,56,ALC,Anthox,Low,0,4,4,24.7,6.98,0.2,0.28,34.56666667,107.2494473,-55.40008942,-162.6495367,-0.038247711,-0.010414931,425500,390.4,14148,24940,135.8,230.9664694,1633.530572
H06A,48,RMD,Rumex,Medium,1,3,1,30.95,5.56,1.18,3.77,27.9,200.1008364,-524.4631975,-724.5640339,-0.056701965,0.002082341,933100,1010.4,5928,9862,136.5747336,351.6129032,583.9491184
H06B,48,RMD,Rumex,Medium,1,3,2,NA,NA,NA,NA,3.3,91.80538265,34.53164636,-57.2737363,0.013616197,-0.007140232,813500,1894.6,10440,13404,1215.6,545.5357143,268.75
H06C,7,RMC,Rumex,Medium,0,1,4,26.11,14.47,2.72,0.41,30.06666667,141.6839453,-329.4265844,-471.1105297,0.009276278,0.005382033,348300,383.4,6034,14496,519.4,903.8461538,5849.230769
H06D,64,LMC,Leontodon,Medium,0,4,4,17.18,13.77,8.14,0.2,35.8,62.07097327,-55.97116585,-118.0421391,-0.007461431,-0.010192396,455800,303.6,9618,17774,260.4,605.4054054,2429.954955
H07A,56,ALC,Anthox,Low,0,4,1,46.86,2.41,0.2,0.96,24.6,261.9165491,-474.0151656,-735.9317146,-0.016002504,0.008053524,804500,409.4,4304,9438,678.5607256,1218.803419,2089.74359
H07B,56,ALC,Anthox,Low,0,4,2,NA,NA,NA,NA,16.63333333,542.5399389,-362.7644241,-905.304363,-0.038106043,-0.013690577,545900,684.4,7066,7588,478,339.8720682,1271.855011
H07C,15,DMC,Dactylis,Medium,0,1,4,4.82,23.11,4.11,0.37,36.2,78.31896622,-181.2010607,-259.520027,-0.009066265,-0.001438786,334400,274.8,7530,15838,1038.6,705.3497942,3034.567901
H07D,72,DLD,Dactylis,Low,1,4,4,0,44.01,0.06,0,31.6,94.63758356,-146.3630364,-241.00062,0.004533764,-0.002899941,384300,369.8,9958,15502,528.8,615.1574803,3834.84252
H08A,64,LMC,Leontodon,Medium,0,4,1,23.99,6.85,2.21,2.73,27.1,326.8371537,-297.8259956,-624.6631493,-0.02420108,-0.013765524,908800,744.6,5644,7794,603.8808674,1294.217207,837.8943087
H08B,64,LMC,Leontodon,Medium,0,4,2,NA,NA,NA,NA,19.46666667,445.7093752,38.24750447,-407.4618707,-0.037729951,0.006196311,589800,1338.8,11850,13046,595.2,610.9725686,1278.553616
H08C,48,RMD,Rumex,Medium,1,3,3,NA,NA,NA,NA,31.53333333,389.9038943,-53.8621752,-443.7660695,-0.032446371,0.017759139,1103600,3712,17134,26520,821.8,641.9753086,2301.234568
H09A,72,DLD,Dactylis,Low,1,4,1,9.22,20.54,0.21,2.21,26.43333333,142.7572372,-306.4232369,-449.1804741,-0.021095314,0.010446919,702700,450.2,3214,4642,757.8243742,1354.141104,1429.000947
H09B,72,DLD,Dactylis,Low,1,4,2,NA,NA,NA,NA,3.566666667,42.70869788,51.91161813,9.202920254,0.002124572,0.005283796,603200,412,4396,6560,1193.8,446.6666667,3200.40404
H09C,56,ALC,Anthox,Low,0,4,3,NA,NA,NA,NA,36.06666667,392.5586344,-235.9322472,-628.4908816,-0.029408312,0.008904786,751400,395,11954,20240,1073.8,396.0687961,3750.859951
H10C,64,LMC,Leontodon,Medium,0,4,3,NA,NA,NA,NA,33.66666667,519.1611132,-282.8428298,-802.003943,-0.023826667,6.77E-05,863000,545.2,12430,22240,478.2,382.1510297,517.1624714
H11C,72,DLD,Dactylis,Low,1,4,3,NA,NA,NA,NA,30,643.0013532,-67.55325028,-710.5546034,-0.028352302,0.012235663,708100,1500.4,7206,14422,472,684.4444444,4614.603175
